domain,category
interpretermag.com,whitelist
680news.com,whitelist
71republic.com,whitelist
9news.com.au,whitelist
abc.net.au,whitelist
go.com,whitelist
abc11.com,whitelist
abovethelaw.com,whitelist
abs-cbn.com,whitelist
acculturated.com,whitelist
act.tv,whitelist
advocate.com,whitelist
aeon.co,whitelist
afp.com,whitelist
africanews.com,whitelist
africanarguments.org,whitelist
agerpres.ro,whitelist
ahram.org.eg,whitelist
airwars.org,whitelist
akkadiantimes.com,whitelist
ohio.com,whitelist
alarabiya.net,whitelist
albawaba.com,whitelist
aljazeera.com,whitelist
majalla.com,whitelist
al-monitor.com,whitelist
alhayat.com,whitelist
al.com,whitelist
alreporter.com,whitelist
altoday.com,whitelist
guttmacher.org,whitelist
adn.com,whitelist
democratherald.com,whitelist
timesunion.com,whitelist
abqjournal.com,whitelist
allgov.com,whitelist
afj.org,whitelist
gmfus.org,whitelist
alliedprogress.org,whitelist
altnewsmedia.net,whitelist
amny.com,whitelist
aidc.org.za,whitelist
americamagazine.org,whitelist
americablog.com,whitelist
americanactionforum.org,whitelist
aclu.org,whitelist
acsh.org,whitelist
americanfirearms.org,whitelist
afpc.org,whitelist
americanheritage.com,whitelist
americanmilitarynews.com,whitelist
americanpublicmedia.org,whitelist
spectator.org,whitelist
au.org,whitelist
americasquarterly.org,whitelist
ammoland.com,whitelist
amnesty.org,whitelist
angrywhitemen.org,whitelist
annistonstar.com,whitelist
anthropocenemagazine.org,whitelist
adl.org,whitelist
aol.com,whitelist
apmreports.org,whitelist
aptnnews.ca,whitelist
aranews.net,whitelist
arabnews.com,whitelist
azcapitoltimes.com,whitelist
tucson.com,whitelist
azdailysun.com,whitelist
azcentral.com,whitelist
arkansasonline.com,whitelist
armstrongeconomics.com,whitelist
israelnationalnews.com,whitelist
aawsat.com,whitelist
citizen-times.com,whitelist
atimes.com,whitelist
aninews.in,whitelist
apnews.com,whitelist
atavist.com,whitelist
atlantablackstar.com,whitelist
ajc.com,whitelist
atlanticcouncil.org,whitelist
atlanticmedia.com,whitelist
attn.com,whitelist
statesman.com,whitelist
autostraddle.com,whitelist
axios.com,whitelist
backchannel.com,whitelist
backedbyfact.com,whitelist
ballotpedia.org,whitelist
baltimoresun.com,whitelist
bangordailynews.com,whitelist
baptistnews.com,whitelist
battlecreekenquirer.com,whitelist
newsoptimist.ca,whitelist
ebar.com,whitelist
bbarta24.net,whitelist
bbc.com,whitelist
bdnews24.com,whitelist
bjreview.com,whitelist
themaven.net,whitelist
beinglibertarian.com,whitelist
bellingcat.com,whitelist
berkeleyside.com,whitelist
berkshireeagle.com,whitelist
bettergov.org,whitelist
bigthink.com,whitelist
billingsgazette.com,whitelist
billmoyers.com,whitelist
bipartisanpolicy.org,whitelist
bismarcktribune.com,whitelist
bitchmedia.org,whitelist
blackagendareport.com,whitelist
blacklivesmatter.com,whitelist
bloomberg.com,whitelist
bluelivesmatter.blue,whitelist
bluestemprairie.com,whitelist
bnonews.com,whitelist
boingboing.net,whitelist
bostonglobe.com,whitelist
bostonherald.com,whitelist
bgr.com,whitelist
breakingdefense.com,whitelist
thebreakthrough.org,whitelist
brennancenter.org,whitelist
bridgemi.com,whitelist
brief.news,whitelist
brookings.edu,whitelist
buffalonews.com,whitelist
thebulletin.org,whitelist
bullshido.net,whitelist
business2community.com,whitelist
businessinsider.com,whitelist
bust.com,whitelist
bustle.com,whitelist
c-span.org,whitelist
calgaryherald.com,whitelist
calgarysun.com,whitelist
capoliticalreview.com,whitelist
calwatchdog.com,whitelist
canadalandshow.com,whitelist
canadiandimension.com,whitelist
cjnews.com,whitelist
cpac.ca,whitelist
taxpayer.com,whitelist
capecodtimes.com,whitelist
capitalgazette.com,whitelist
capitolfax.com,whitelist
carbonated.tv,whitelist
caribbeanlifenews.com,whitelist
carnegieendowment.org,whitelist
carolinapublicpress.org,whitelist
trib.com,whitelist
castanet.net,whitelist
cato.org,whitelist
cbc.ca,whitelist
cbsnews.com,whitelist
cctv-america.com,whitelist
cnas.org,whitelist
c4ss.org,whitelist
c4ads.org,whitelist
americanprogress.org,whitelist
cdt.org,whitelist
cgdev.org,whitelist
centerforinquiry.net,whitelist
ciponline.org,whitelist
prwatch.org,whitelist
populardemocracy.org,whitelist
publicintegrity.org,whitelist
opensecrets.org,whitelist
csis.org,whitelist
cftni.org,whitelist
change.org,whitelist
wvgazettemail.com,whitelist
charlotteobserver.com,whitelist
checkyourfact.com,whitelist
chicagoreader.com,whitelist
suntimes.com,whitelist
chicagotribune.com,whitelist
chinadaily.com.cn,whitelist
cgtn.com,whitelist
chinookobserver.com,whitelist
csmonitor.com,whitelist
christianitytoday.com,whitelist
chroniclesofdemocracy.com,whitelist
cincinnati.com,whitelist
circa.com,whitelist
citizencritics.org,whitelist
citizentruth.org,whitelist
citizensforethics.org,whitelist
ctj.org,whitelist
cityandstateny.com,whitelist
city-journal.org,whitelist
cleantechnica.com,whitelist
cnbc.com,whitelist
gazette.com,whitelist
columbiadailyherald.com,whitelist
cjr.org,whitelist
dispatch.com,whitelist
commentarymagazine.com,whitelist
crfb.org,whitelist
ced.org,whitelist
investigaterussia.org,whitelist
cpj.org,whitelist
commoncause.org,whitelist
commondreams.org,whitelist
commonwealmagazine.org,whitelist
commonwealthfund.org,whitelist
commdiginews.com,whitelist
cei.org,whitelist
concordmonitor.com,whitelist
conflict-news.com,whitelist
congress.gov,whitelist
cbo.gov,whitelist
conservativeinstitute.org,whitelist
consortiumnews.com,whitelist
constitutioncenter.org,whitelist
constitutionproject.org,whitelist
consumerreports.org,whitelist
consumerist.com,whitelist
cookpolitical.com,whitelist
corporatepresidency.org,whitelist
cosmopolitan.com,whitelist
councilforthenationalinterest.org,whitelist
cfr.org,whitelist
countable.us,whitelist
countercurrents.org,whitelist
counterpunch.org,whitelist
courthousenews.com,whitelist
cp24.com,whitelist
credoaction.com,whitelist
crimeola.com,whitelist
crimethinc.com,whitelist
crooked.com,whitelist
crosscut.com,whitelist
cscmediagroupus.com,whitelist
ctvnews.ca,whitelist
currentaffairs.org,whitelist
curvemag.com,whitelist
daily49er.com,whitelist
thedailybeast.com,whitelist
dailybusinessreview.com,whitelist
dailydot.com,whitelist
dailyherald.com,whitelist
dailyhive.com,whitelist
daily-journal.com,whitelist
dailyjournalonline.com,whitelist
dailypress.com,whitelist
dailyrecord.com,whitelist
telegraph.co.uk,whitelist
dallasnews.com,whitelist
dallasvoice.com,whitelist
darientimes.com,whitelist
dawn.com,whitelist
daytondailynews.com,whitelist
dcreport.org,whitelist
volkskrant.nl,whitelist
deadstate.org,whitelist
deadline.com,whitelist
deadspin.com,whitelist
deathandtaxesmag.com,whitelist
debatepost.com,whitelist
deccanchronicle.com,whitelist
defenseone.com,whitelist
delawareonline.com,whitelist
democracy21.org,whitelist
democracychronicles.org,whitelist
democracynow.org,whitelist
democratandchronicle.com,whitelist
demos.org,whitelist
denverpost.com,whitelist
deseretnews.com,whitelist
desertsun.com,whitelist
desmogblog.com,whitelist
freep.com,whitelist
detroitnews.com,whitelist
dieharddemocrat.com,whitelist
zeit.de,whitelist
differencebetween.net,whitelist
digg.com,whitelist
digitaljournal.com,whitelist
dissentmagazine.org,whitelist
diversityinc.com,whitelist
doctorswithoutborders.org,whitelist
downsizinggovernment.org,whitelist
dpa-international.com,whitelist
duluthnewstribune.com,whitelist
dutchdailynews.com,whitelist
dw.com,whitelist
eagletribune.com,whitelist
columbia.edu,whitelist
earthjustice.org,whitelist
eastbaytimes.com,whitelist
epi.org,whitelist
economicpolicyjournal.com,whitelist
economicshelp.org,whitelist
edmontonjournal.com,whitelist
edmontonsun.com,whitelist
egbertowillies.com,whitelist
ejinsight.com,whitelist
elpais.com,whitelist
elpasotimes.com,whitelist
electoral-vote.com,whitelist
eff.org,whitelist
electronicintifada.net,whitelist
elisabethparker.com,whitelist
elkodaily.com,whitelist
emirates247.com,whitelist
emptywheel.net,whitelist
engadget.com,whitelist
goerie.com,whitelist
err.ee,whitelist
esquire.com,whitelist
eppc.org,whitelist
euobserver.com,whitelist
eurasiagroup.net,whitelist
eurasiareview.com,whitelist
euronews.com,whitelist
everycrsreport.com,whitelist
everydayfeminism.com,whitelist
evonomics.com,whitelist
exposingtruth.com,whitelist
factmyth.com,whitelist
factbox.tv,whitelist
factcheck.org,whitelist
factscan.ca,whitelist
factwire.org,whitelist
fairobserver.com,whitelist
fair.org,whitelist
fairvote.org,whitelist
faithfamilyamerica.com,whitelist
farleftwatch.com,whitelist
fastcompany.com,whitelist
federalnewsradio.com,whitelist
federaltimes.com,whitelist
feministcurrent.com,whitelist
feministfrequency.com,whitelist
feministing.com,whitelist
fifthestate.org,whitelist
fightforthefuture.org,whitelist
filmingcops.com,whitelist
financialexpress.com,whitelist
financialpost.com,whitelist
ft.com,whitelist
firstdraftnews.org,whitelist
firstpost.com,whitelist
fitsnews.com,whitelist
fivethirtyeight.com,whitelist
jacksonville.com,whitelist
foreignaffairs.com,whitelist
fpif.org,whitelist
foreignpolicyi.org,whitelist
fpri.org,whitelist
foreignpolicy.com,whitelist
fbherald.com,whitelist
star-telegram.com,whitelist
fwweekly.com,whitelist
fortnightlyreview.co.uk,whitelist
fortune.com,whitelist
forwardprogressives.com,whitelist
defenddemocracy.org,whitelist
fee.org,whitelist
france24.com,whitelist
fraserinstitute.org,whitelist
freakonomics.com,whitelist
freepress.org,whitelist
frnewsreport.com,whitelist
freewheelus.com,whitelist
ffrf.org,whitelist
freedomhouse.org,whitelist
freedomnews.org.uk,whitelist
fresnobee.com,whitelist
freespeech.org,whitelist
fullfact.org,whitelist
gallup.com,whitelist
gaystarnews.com,whitelist
gbtimes.com,whitelist
gearsofbiz.com,whitelist
geopoliticsalert.com,whitelist
gizmodo.com,whitelist
glamour.com,whitelist
globalcitizen.org,whitelist
globalintegrity.org,whitelist
globalnews.ca,whitelist
pri.org,whitelist
globalriskinsights.com,whitelist
globalslaveryindex.org,whitelist
globaltimes.cn,whitelist
globalvoices.org,whitelist
globegazette.com,whitelist
good.is,whitelist
goodnewsnetwork.org,whitelist
governing.com,whitelist
govexec.com,whitelist
govtrack.us,whitelist
gq.com,whitelist
mlive.com,whitelist
bradford-delong.com,whitelist
greensboro.com,whitelist
greentechmedia.com,whitelist
greenvillegazette.com,whitelist
grist.org,whitelist
group30.org,whitelist
guardianlv.com,whitelist
theguardiansofdemocracy.com,whitelist
gulfnews.com,whitelist
guns.com,whitelist
haaretz.com,whitelist
harpers.org,whitelist
hbr.org,whitelist
harvard.edu,whitelist
harvardpolitics.com,whitelist
hastingstribune.com,whitelist
healthcarefinancenews.com,whitelist
healthyway.com,whitelist
heavy.com,whitelist
helsinkitimes.fi,whitelist
herald-review.com,whitelist
heraldsun.com.au,whitelist
heterodoxacademy.org,whitelist
hcn.org,whitelist
hpenews.com,whitelist
huffingtonpost.com,whitelist
hindustantimes.com,whitelist
historynewsnetwork.org,whitelist
hoax-slayer.com,whitelist
hollywoodreporter.com,whitelist
homelandsecuritynewswire.com,whitelist
honestreporting.com,whitelist
staradvertiser.com,whitelist
hotair.com,whitelist
houstonchronicle.com,whitelist
hudson.org,whitelist
hrc.org,whitelist
hrw.org,whitelist
humanium.org,whitelist
i24news.tv,whitelist
icenews.is,whitelist
icitizen.com,whitelist
idahostatesman.com,whitelist
ifamericaknew.org,whitelist
janes.com,whitelist
illinoispolicy.org,whitelist
imediaethics.org,whitelist
marxist.com,whitelist
inhomelandsecurity.com,whitelist
inthesetimes.com,whitelist
independentaustralia.net,whitelist
ijr.com,whitelist
helenair.com,whitelist
independentsentinel.com,whitelist
ivn.us,whitelist
intoday.in,whitelist
indystar.com,whitelist
inequalitymedia.org,whitelist
inews.co.uk,whitelist
juancole.com,whitelist
insidehighered.com,whitelist
insidephilanthropy.com,whitelist
insideclimatenews.org,whitelist
insidesources.com,whitelist
theihs.org,whitelist
imeu.org,whitelist
ips-dc.org,whitelist
iwpr.org,whitelist
itep.org,whitelist
ips.org,whitelist
icrw.org,whitelist
icij.org,whitelist
crisisgroup.org,whitelist
iea.org,whitelist
cambridge.org,whitelist
freemedia.at,whitelist
rescue.org,whitelist
inverse.com,whitelist
ire.org,whitelist
investopedia.com,whitelist
iowastartingline.com,whitelist
ipolitics.ca,whitelist
irinnews.org,whitelist
independent.ie,whitelist
israelhayom.com,whitelist
itv.com,whitelist
jacksonsun.com,whitelist
jacobinmag.com,whitelist
japantimes.co.jp,whitelist
japantoday.com,whitelist
jns.org,whitelist
jewishpolicycenter.org,whitelist
jta.org,whitelist
jihadica.com,whitelist
jointcenter.org,whitelist
helvidius.org,whitelist
jstor.org,whitelist
justfactsdaily.com,whitelist
justfacts.com,whitelist
justsecurity.org,whitelist
kff.org,whitelist
kansascity.com,whitelist
keepandbear.com,whitelist
kmov.com,whitelist
knightfoundation.org,whitelist
knowyourmeme.com,whitelist
knowherenews.com,whitelist
knoxnews.com,whitelist
koco.com,whitelist
kotaku.com,whitelist
kuow.org,whitelist
kutv.com,whitelist
lapresse.ca,whitelist
latimes.com,whitelist
reviewjournal.com,whitelist
latintimes.com,whitelist
lavendermagazine.com,whitelist
lawnewz.com,whitelist
lawfareblog.com,whitelist
ledevoir.com,whitelist
leadstories.com,whitelist
learnliberty.org,whitelist
leftaction.com,whitelist
leftfootforward.org,whitelist
leftjustified.com,whitelist
leftvoice.org,whitelist
leftwingnation.org,whitelist
lethbridgeherald.com,whitelist
kentucky.com,whitelist
lexingtoninstitute.org,whitelist
lgbtqnation.com,whitelist
libcom.org,whitelist
liberalmountain.com,whitelist
liberationnews.org,whitelist
libertyviral.com,whitelist
lifehacker.com,whitelist
limacharlienews.com,whitelist
journalstar.com,whitelist
listverse.com,whitelist
liveleak.com,whitelist
lompocrecord.com,whitelist
standard.co.uk,whitelist
news-journal.com,whitelist
dailynews.com,whitelist
mackinac.org,whitelist
macleans.ca,whitelist
mainebeacon.com,whitelist
makeuseof.com,whitelist
manhattan-institute.org,whitelist
maplight.org,whitelist
marketwatch.com,whitelist
mashable.com,whitelist
mcclatchydc.com,whitelist
mediamatters.org,whitelist
mediafiledc.com,whitelist
mediaite.com,whitelist
mediashift.org,whitelist
meduza.io,whitelist
mentalfloss.com,whitelist
mercatornet.com,whitelist
mercopress.com,whitelist
merionwest.com,whitelist
merryjane.com,whitelist
metabunk.org,whitelist
metro.co.uk,whitelist
metro.us,whitelist
mexiconewsdaily.com,whitelist
miamiherald.com,whitelist
miaminewtimes.com,whitelist
mic.com,whitelist
migrationpolicy.org,whitelist
militarytimes.com,whitelist
military.com,whitelist
jsonline.com,whitelist
startribune.com,whitelist
mprnews.org,whitelist
minnpost.com,whitelist
missoulian.com,whitelist
molad.org,whitelist
mondoweiss.net,whitelist
mongabay.com,whitelist
mtstandard.com,whitelist
monthlyreview.org,whitelist
montrealgazette.com,whitelist
morningconsult.com,whitelist
themoscowtimes.com,whitelist
motherjones.com,whitelist
mnn.com,whitelist
mtdemocrat.com,whitelist
msmagazine.com,whitelist
msn.com,whitelist
muncievoice.com,whitelist
mwcnews.net,whitelist
mynorthwest.com,whitelist
nakedcapitalism.com,whitelist
napavalleyregister.com,whitelist
nationalaffairs.com,whitelist
naacp.org,whitelist
nber.org,whitelist
transequality.org,whitelist
followthemoney.org,whitelist
nationalinterest.org,whitelist
nationaljournal.com,whitelist
natmonitor.com,whitelist
nationalnewswatch.com,whitelist
nationalobserver.com,whitelist
nationalpost.com,whitelist
youthrights.org,whitelist
nationmaster.com,whitelist
resourcegovernance.org,whitelist
nrdc.org,whitelist
nature.org,whitelist
nbcnews.com,whitelist
ncpolicywatch.com,whitelist
ndtv.com,whitelist
theneed2know.com,whitelist
nos.nl,whitelist
newamerica.org,whitelist
newbernsj.com,whitelist
necn.com,whitelist
neweurope.eu,whitelist
newint.org,whitelist
newleftreview.org,whitelist
newmatilda.com,whitelist
newmoderate.com,whitelist
newpol.org,whitelist
newrepublic.com,whitelist
newrevolutionnow.org,whitelist
newstatesman.com,whitelist
nymag.com,whitelist
observer.com,whitelist
nytimes.com,whitelist
newyorker.com,whitelist
nzherald.co.nz,whitelist
newsandgutsmedia.com,whitelist
kfor.com,whitelist
newsdeeply.com,whitelist
newslookup.com,whitelist
newsrescue.com,whitelist
news-gazette.com,whitelist
news.com.au,whitelist
news24.com,whitelist
newsday.com,whitelist
newsela.com,whitelist
newser.com,whitelist
newsone.com,whitelist
newsy.com,whitelist
nextavenue.org,whitelist
nextgov.com,whitelist
nhk.or.jp,whitelist
niskanencenter.org,whitelist
nknews.org,whitelist
nolabels.org,whitelist
noozhawk.com,whitelist
north99.org,whitelist
nwitimes.com,whitelist
novinite.com,whitelist
nowtoronto.com,whitelist
npr.org,whitelist
ntd.tv,whitelist
ocweekly.com,whitelist
oaoa.com,whitelist
oilandwaterdontmix.org,whitelist
oilprice.com,whitelist
omaha.com,whitelist
ontarioproud.ca,whitelist
openthegovernment.org,whitelist
opendemocracy.net,whitelist
opposingviews.com,whitelist
ocregister.com,whitelist
oregonlive.com,whitelist
orlandosentinel.com,whitelist
ottawacitizen.com,whitelist
ourvoiceny.com,whitelist
ourworldindata.org,whitelist
outsidethebeltway.com,whitelist
oyez.org,whitelist
ozy.com,whitelist
guampdn.com,whitelist
pacificresearch.org,whitelist
psmag.com,whitelist
panampost.com,whitelist
parallax.news,whitelist
pastemagazine.com,whitelist
patch.com,whitelist
patrioticmillionaires.org,whitelist
pbs.org,whitelist
peacock-panache.com,whitelist
peninsuladailynews.com,whitelist
pnj.com,whitelist
pfaw.org,whitelist
people.com,whitelist
pgpf.org,whitelist
piie.com,whitelist
pewresearch.org,whitelist
philly.com,whitelist
phillytrib.com,whitelist
inquirer.net,whitelist
phoenixnewtimes.com,whitelist
photographyisnotacrime.com,whitelist
pinknews.co.uk,whitelist
post-gazette.com,whitelist
triblive.com,whitelist
placesjournal.org,whitelist
pluralist.com,whitelist
hoover.org,whitelist
policyed.org,whitelist
politicalcritique.org,whitelist
politicalstorm.com,whitelist
politico.com,whitelist
politicsthatwork.com,whitelist
politicususa.com,whitelist
politifact.com,whitelist
politi.site,whitelist
polygraph.info,whitelist
populationconnection.org,whitelist
pressherald.com,whitelist
positive.news,whitelist
postbulletin.com,whitelist
powerlineblog.com,whitelist
poynter.org,whitelist
mediaroom.com,whitelist
pressprogress.ca,whitelist
procon.org,whitelist
progressivearmy.com,whitelist
projectcensored.org,whitelist
pogo.org,whitelist
project-syndicate.org,whitelist
propublica.org,whitelist
prospectmagazine.co.uk,whitelist
citizen.org,whitelist
publicpolicypolling.com,whitelist
prri.org,whitelist
punchingbagpost.com,whitelist
putintrump.org,whitelist
qctimes.com,whitelist
qz.com,whitelist
queerty.com,whitelist
quillette.com,whitelist
rstreet.org,whitelist
rabble.ca,whitelist
rfa.org,whitelist
rferl.org,whitelist
newsobserver.com,whitelist
rand.org,whitelist
rantt.com,whitelist
rapidcityjournal.com,whitelist
rare.us,whitelist
rasmussenreports.com,whitelist
rationalwiki.org,whitelist
readingthepictures.org,whitelist
realcleardefense.com,whitelist
realclearpolicy.com,whitelist
realclearpolitics.com,whitelist
therealnews.com,whitelist
realclearreligion.org,whitelist
reason.com,whitelist
recode.net,whitelist
redpepper.org.uk,whitelist
valleynewslive.com,whitelist
redstatedisaster.com,whitelist
relevantmagazine.com,whitelist
religionnews.com,whitelist
remingtonresearchgroup.com,whitelist
reporterslab.org,whitelist
rsf.org,whitelist
represent.us,whitelist
restoreamericanglory.com,whitelist
reuters.com,whitelist
revealnews.org,whitelist
reverbpress.news,whitelist
reverepress.com,whitelist
revolution-news.com,whitelist
rewire.news,whitelist
richmond.com,whitelist
irc-online.org,whitelist
trofire.com,whitelist
riverbender.com,whitelist
roanoke.com,whitelist
rollcall.com,whitelist
rollingstone.com,whitelist
rooseveltinstitute.org,whitelist
rte.ie,whitelist
rudaw.net,whitelist
russialies.com,whitelist
tass.com,whitelist
sacbee.com,whitelist
srnnews.com,whitelist
salon.com,whitelist
sltrib.com,whitelist
mysanantonio.com,whitelist
sbsun.com,whitelist
sandiegofreepress.org,whitelist
sandiegoreader.com,whitelist
sandiegouniontribune.com,whitelist
sfchronicle.com,whitelist
sfexaminer.com,whitelist
mercurynews.com,whitelist
independent.com,whitelist
santamariatimes.com,whitelist
heraldtribune.com,whitelist
thestarphoenix.com,whitelist
saudigazette.com.sa,whitelist
savannahnow.com,whitelist
savejersey.com,whitelist
sayfiereview.com,whitelist
scarymommy.com,whitelist
sciencedebate.org,whitelist
scoopnest.com,whitelist
scotusblog.com,whitelist
scroll.in,whitelist
seattlepi.com,whitelist
seattletimes.com,whitelist
sentencingproject.org,whitelist
sfgate.com,whitelist
shadowproof.com,whitelist
shameproject.com,whitelist
shareably.net,whitelist
shorensteincenter.org,whitelist
simplepolitics.co.uk,whitelist
siouxcityjournal.com,whitelist
sky.com,whitelist
slate.com,whitelist
smirkingchimp.com,whitelist
snopes.com,whitelist
worldsocialism.org,whitelist
socialistworker.org,whitelist
sofrep.com,whitelist
sojo.net,whitelist
sootoday.com,whitelist
sourcewatch.org,whitelist
southbendtribune.com,whitelist
scmp.com,whitelist
sun-sentinel.com,whitelist
splcenter.org,whitelist
sbs.com.au,whitelist
ny1.com,whitelist
spiegel.de,whitelist
sctimes.com,whitelist
stltoday.com,whitelist
twincities.com,whitelist
stpete4peace.org,whitelist
nj.com,whitelist
stripes.com,whitelist
statnews.com,whitelist
silive.com,whitelist
statesmanjournal.com,whitelist
stimson.org,whitelist
stocknewsusa.com,whitelist
stopfake.org,whitelist
strategic-culture.org,whitelist
strategypage.com,whitelist
stratfor.com,whitelist
studentnewsdaily.com,whitelist
stuff.co.nz,whitelist
sunlightfoundation.com,whitelist
swarajyamag.com,whitelist
swissinfo.ch,whitelist
syriahr.com,whitelist
tabletmag.com,whitelist
taipeitimes.com,whitelist
taiwannews.com.tw,whitelist
takepart.com,whitelist
talkingpointsmemo.com,whitelist
tallahassee.com,whitelist
tampabay.com,whitelist
tbo.com,whitelist
taskandpurpose.com,whitelist
taxfoundation.org,whitelist
taxjustice.net,whitelist
taxpolicycenter.org,whitelist
teapartypatriots.org,whitelist
teapartytribune.com,whitelist
techcrunch.com,whitelist
techdirt.com,whitelist
texasmonthly.com,whitelist
texasstandard.org,whitelist
texastribune.org,whitelist
tharawat-magazine.com,whitelist
thatsnonsense.com,whitelist
theage.com.au,whitelist
algemeiner.com,whitelist
theamericanconservative.com,whitelist
americanindependent.com,whitelist
the-american-interest.com,whitelist
prospect.org,whitelist
theatlantic.com,whitelist
auburnpub.com,whitelist
augusta.com,whitelist
austinchronicle.com,whitelist
afr.com,whitelist
theaustralian.com.au,whitelist
theautomaticearth.com,whitelist
thebaffler.com,whitelist
thebalance.com,whitelist
bangkokpost.com,whitelist
baxterbulletin.com,whitelist
belfercenter.org,whitelist
budapestbeacon.com,whitelist
thebureauinvestigates.com,whitelist
theburningspear.com,whitelist
carepublican.com,whitelist
thecanadianpress.com,whitelist
thecanary.co,whitelist
cbpp.org,whitelist
tcf.org,whitelist
chicagoreporter.com,whitelist
chinapost.com.tw,whitelist
thechristianleft.org,whitelist
chronicle.com,whitelist
thecipherbrief.com,whitelist
thecitizen.org.au,whitelist
climaterealityproject.org,whitelist
theconversation.com,whitelist
canadians.org,whitelist
couriermail.com.au,whitelist
courier-journal.com,whitelist
thedailybanter.com,whitelist
the-daily.buzz,whitelist
daltondailycitizen.com,whitelist
dailyclimate.org,whitelist
dailygazette.com,whitelist
tdn.com,whitelist
dailynorthwestern.com,whitelist
dailyprogress.com,whitelist
dailytarheel.com,whitelist
thedailyvox.co.za,whitelist
theday.com,whitelist
defconwarningsystem.com,whitelist
desmoinesregister.com,whitelist
thediplomat.com,whitelist
indiatimes.com,whitelist
economist.com,whitelist
elkharttruth.com,whitelist
theepochtimes.com,whitelist
theestablishment.co,whitelist
ecfr.eu,whitelist
fakenewscodex.com,whitelist
thefederalist.com,whitelist
thefiscaltimes.com,whitelist
forward.com,whitelist
thefrisky.com,whitelist
thefingnews.com,whitelist
thegazette.com,whitelist
theglobeandmail.com,whitelist
theguardian.com,whitelist
courant.com,whitelist
thehayride.com,whitelist
heraldnet.com,whitelist
hjnews.com,whitelist
heraldsun.com,whitelist
thehill.com,whitelist
thehindubusinessline.com,whitelist
thehindu.com,whitelist
thehumanist.com,whitelist
independent.org,whitelist
independent.co.uk,whitelist
indianexpress.com,whitelist
theintellectualist.co,whitelist
theintercept.com,whitelist
irishtimes.com,whitelist
irrawaddy.com,whitelist
thejacknews.com,whitelist
thejakartapost.com,whitelist
jamestown.org,whitelist
the-japan-news.com,whitelist
jpost.com,whitelist
jewishpress.com,whitelist
jordantimes.com,whitelist
lohud.com,whitelist
theknifemedia.com,whitelist
thelibertarianrepublic.com,whitelist
thelily.com,whitelist
thelocal.no,whitelist
manilatimes.net,whitelist
themarshallproject.org,whitelist
themarysue.com,whitelist
memepoliceman.com,whitelist
soas.ac.uk,whitelist
themilitant.com,whitelist
themilreview.com,whitelist
themoderatevoice.com,whitelist
themonthly.com.au,whitelist
mcall.com,whitelist
morningstaronline.co.uk,whitelist
nationinstitute.org,whitelist
nation.com.pk,whitelist
thenation.com,whitelist
thenational.ae,whitelist
nationalmemo.com,whitelist
thenevadaindependent.com,whitelist
alaraby.co.uk,whitelist
thenewatlantis.com,whitelist
thenewtropic.com,whitelist
thenews.mx,whitelist
thenews.com.pk,whitelist
thenewslens.com,whitelist
thenewsliteracyproject.org,whitelist
thenewstribune.com,whitelist
newstimes.com,whitelist
thenextweb.com,whitelist
theobjectivestandard.com,whitelist
wisc.edu,whitelist
oklahoman.com,whitelist
theolympian.com,whitelist
theoslotimes.com,whitelist
theoutline.com,whitelist
monmouth.edu,whitelist
pantagraph.com,whitelist
pennlive.com,whitelist
phnompenhpost.com,whitelist
cleveland.com,whitelist
postandcourier.com,whitelist
thepostmillennial.com,whitelist
poststar.com,whitelist
pressdemocrat.com,whitelist
pe.com,whitelist
progressive.org,whitelist
providencejournal.com,whitelist
pulsegulfcoast.com,whitelist
samefacts.com,whitelist
northjersey.com,whitelist
theringer.com,whitelist
theroot.com,whitelist
santafenewmexican.com,whitelist
thesaturdaypaper.com.au,whitelist
scotsman.com,whitelist
cumberlink.com,whitelist
theskimm.com,whitelist
thesmokinggun.com,whitelist
sociable.co,whitelist
thelasource.com,whitelist
thesouthern.com,whitelist
spectator.co.uk,whitelist
spokesman.com,whitelist
stardem.com,whitelist
thestate.com,whitelist
straitstimes.com,whitelist
thestranger.com,whitelist
thestrategybridge.org,whitelist
thesunmagazine.org,whitelist
swedishwire.com,whitelist
smh.com.au,whitelist
thetab.com,whitelist
tennessean.com,whitelist
tennesseestar.com,whitelist
texasobserver.org,whitelist
mywebtimes.com,whitelist
thetandd.com,whitelist
thetimesherald.com,whitelist
thetimes.co.uk,whitelist
nola.com,whitelist
thetrace.org,whitelist
thetruthaboutguns.com,whitelist
truthsetter.com,whitelist
thetyee.ca,whitelist
thevarsity.ca,whitelist
theverge.com,whitelist
villagevoice.com,whitelist
pilotonline.com,whitelist
thewalrus.ca,whitelist
wcfcourier.com,whitelist
theweek.com,whitelist
thewest.com.au,whitelist
thewhim.com,whitelist
wilderness.org,whitelist
thewire.in,whitelist
worldcantwait.net,whitelist
tytnetwork.com,whitelist
thisisthezerohour.com,whitelist
thegrio.com,whitelist
theimproper.com,whitelist
thejournal.ie,whitelist
thirdway.org,whitelist
this.org,whitelist
trust.org,whitelist
thoughtco.com,whitelist
time.com,whitelist
timeline.com,whitelist
tnonline.com,whitelist
timesofisrael.com,whitelist
timesofsandiego.com,whitelist
timescolonist.com,whitelist
magicvalley.com,whitelist
toinformistoinfluence.com,whitelist
todayifoundout.com,whitelist
toledoblade.com,whitelist
tomdispatch.com,whitelist
cjonline.com,whitelist
thestar.com,whitelist
torontosun.com,whitelist
transparency.org,whitelist
transpartisanreview.com,whitelist
tribunemagazine.org,whitelist
tribunecontentagency.com,whitelist
trueviralnews.com,whitelist
truthagainstthemachine.com,whitelist
truthbetold.news,whitelist
truthdig.com,whitelist
truthorfiction.com,whitelist
tulsaworld.com,whitelist
turkeyandfacts.com,whitelist
tvw.org,whitelist
undark.org,whitelist
unicornriot.ninja,whitelist
uft.org,whitelist
upi.com,whitelist
house.gov,whitelist
universitybusiness.com,whitelist
uproxx.com,whitelist
upworthy.com,whitelist
urban.org,whitelist
gao.gov,whitelist
usnews.com,whitelist
usafacts.org,whitelist
usaspending.gov,whitelist
usatoday.com,whitelist
upr.org,whitelist
standard.net,whitelist
valuewalk.com,whitelist
vancouversun.com,whitelist
vanityfair.com,whitelist
verafiles.org,whitelist
verifiedpolitics.com,whitelist
verrit.com,whitelist
vocativ.com,whitelist
voanews.com,whitelist
voiceofsandiego.org,whitelist
vosizneias.com,whitelist
votesmart.org,whitelist
votevets.org,whitelist
vox.com,whitelist
vulture.com,whitelist
wsj.com,whitelist
wallstreetonparade.com,whitelist
warontherocks.com,whitelist
washingtonbabylon.com,whitelist
washingtonblade.com,whitelist
washingtonexaminer.com,whitelist
washingtonjournal.com,whitelist
washingtonmonthly.com,whitelist
washingtonpost.com,whitelist
washingtontimes.com,whitelist
rep-am.com,whitelist
wearethemighty.com,whitelist
wearyourvoicemag.com,whitelist
weeklystandard.com,whitelist
westmonster.com,whitelist
wgntv.com,whitelist
whatmattersnews.com,whitelist
kansas.com,whitelist
wikinews.org,whitelist
wikipedia.org,whitelist
wikitribune.com,whitelist
sungazette.com,whitelist
windsorstar.com,whitelist
wingsoverscotland.com,whitelist
winonadailynews.com,whitelist
journalnow.com,whitelist
wired.com,whitelist
madison.com,whitelist
wnyc.org,whitelist
wilsoncenter.org,whitelist
worldaffairsjournal.org,whitelist
weforum.org,whitelist
wn.com,whitelist
worldpolicy.org,whitelist
worldpoliticsreview.com,whitelist
worldpress.org,whitelist
wri.org,whitelist
wsws.org,whitelist
worldtribune.com,whitelist
worldcrunch.com,whitelist
wral.com,whitelist
yellowhammernews.com,whitelist
yesmagazine.org,whitelist
ynetnews.com,whitelist
ydr.com,whitelist
yaf.org,whitelist
youthradio.org,whitelist
zcomm.org,whitelist
zdf.de,whitelist
tribuneindia.com,blacklist
fakenews.com,blacklist
clickbaitnews.org,blacklist
hoaxdaily.info,blacklist
rumorsite.net,blacklist
infowars.com,blacklist
worldtruth.tv,blacklist
naturalnews.com,blacklist
theonion.com,blacklist
dailybuzzlive.com,blacklist
truthfrequencyradio.com,blacklist
yournewswire.com,blacklist
politicalo.com,blacklist
endingthefed.com,blacklist
bients.com,blacklist
nodisinfo.com,blacklist
newsbiscuit.com,blacklist
derfmagazine.com,blacklist
