domain,url,bias_rating,factual_reporting_rating
(the) interpreter magazine,http://www.interpretermag.com/,-8,HIGH
680 news,http://www.680news.com/,-3,HIGH
71 republic,https://71republic.com/,15,HIGH
9 news (australia),http://www.9news.com.au/,6,HIGH
abc news australia,http://www.abc.net.au/news/,-4,HIGH
abc news,http://abcnews.go.com/,-13,HIGH
abc11 eyewitness news,http://abc11.com/,-11,HIGH
above the law,http://abovethelaw.com/,-9,HIGH
abs-cbn news,http://news.abs-cbn.com/,-5,HIGH
acculturated,https://acculturated.com,24,HIGH
act.tv,http://act.tv,-26,HIGH
advocate,http://www.advocate.com/,-22,HIGH
aeon,https://aeon.co/,-10,HIGH
afp (agence france presse),https://www.afp.com/en/home,-5,HIGH
africa news,http://www.africanews.com/,-2,HIGH
african arguments,http://africanarguments.org/,-12,HIGH
agerpres,https://www.agerpres.ro/english,-1,HIGH
ahram online,http://english.ahram.org.eg/,-2,HIGH
airwars,https://airwars.org/,-1,HIGH
akkadian times,http://akkadiantimes.com,-22,HIGH
akron beacon journal,http://www.ohio.com/,-9,HIGH
al arabiya,https://english.alarabiya.net/,-3,HIGH
al bawaba,http://www.albawaba.com/,-3,HIGH
al jazeera,http://www.aljazeera.com/,-8,HIGH
al majalla,http://eng.majalla.com/,-4,HIGH
al monitor,http://www.al-monitor.com/pulse/home.html,-13,HIGH
al-hayat,http://www.alhayat.com/,-13,HIGH
al.com (alabama news),http://www.al.com/,13,HIGH
alabama political reporter,http://www.alreporter.com,1,HIGH
alabama today,https://altoday.com/,-2,HIGH
alan guttmacher institute,https://www.guttmacher.org/,-12,HIGH
alaska dispatch news,http://www.adn.com/,-10,HIGH
albany democrat herald,http://democratherald.com,-2,HIGH
albany times-union,http://www.timesunion.com/,-8,HIGH
albuquerque journal,https://www.abqjournal.com/,-5,HIGH
allgov,http://www.allgov.com,-1,VERY HIGH
alliance for justice (afj),https://www.afj.org/,-22,HIGH
alliance for securing democracy,http://securingdemocracy.gmfus.org/,2,HIGH
allied progress,https://alliedprogress.org,-16,HIGH
altnewsmedia.net,https://altnewsmedia.net,24,HIGH
am new york,http://www.amny.com/,-13,HIGH
amandla,http://aidc.org.za/amandla-media/,-23,HIGH
america magazine,http://www.americamagazine.org/,-8,HIGH
americablog,http://americablog.com/,-23,HIGH
american action forum,https://www.americanactionforum.org/,14,HIGH
american civil liberties union (aclu),https://www.aclu.org/,-10,HIGH
american council on science and health,http://acsh.org/,9,HIGH
american firearms institute,http://www.americanfirearms.org,13,HIGH
american foreign policy council (afpc),http://www.afpc.org/,10,HIGH
american heritage,http://www.americanheritage.com,1,HIGH
american military news,https://americanmilitarynews.com,27,HIGH
american public media,https://www.americanpublicmedia.org,-8,HIGH
american spectator,http://spectator.org/,26,HIGH
american united for separation of church and state,http://www.au.org/,-18,HIGH
americas quarterly,http://www.americasquarterly.org/,10,HIGH
ammoland,http://www.ammoland.com/,24,HIGH
amnesty international,https://www.amnesty.org/en/,-5,HIGH
angry white men,https://angrywhitemen.org,-21,HIGH
anniston star,https://www.annistonstar.com,-16,HIGH
anthropocene magazine,http://www.anthropocenemagazine.org/,-4,VERY HIGH
anti-defamation league,http://www.adl.org/,-11,HIGH
aol,https://www.aol.com/,-14,HIGH
apm reports,https://www.apmreports.org/,-10,HIGH
aptn news,http://aptnnews.ca/aptn-national-news/,-4,HIGH
ara news,http://aranews.net/,-12,HIGH
arab news,http://www.arabnews.com/,10,HIGH
arizona capitol times,https://azcapitoltimes.com/,-1,HIGH
arizona daily star,http://tucson.com/,-13,HIGH
arizona daily sun,http://azdailysun.com,-7,HIGH
arizona republic,http://www.azcentral.com/,12,HIGH
arkansas democrat-gazette,http://www.arkansasonline.com/,11,HIGH
armstrong economics,https://www.armstrongeconomics.com,11,HIGH
arutz sheva (israel national news),http://www.israelnationalnews.com/,15,HIGH
asharq al-awsat,http://english.aawsat.com/,1,HIGH
asheville citizen-times,http://www.citizen-times.com/,-7,HIGH
asia times,http://www.atimes.com/,-4,HIGH
asian news international (ani),https://www.aninews.in,1,HIGH
associated press,https://apnews.com/,-5,VERY HIGH
atavist magazine,https://magazine.atavist.com/,-8,VERY HIGH
atlanta black star,http://atlantablackstar.com/,-15,HIGH
atlanta journal-constitution,http://www.ajc.com/,-13,HIGH
atlantic council,http://www.atlanticcouncil.org/,3,HIGH
atlantic media,http://www.atlanticmedia.com/,-7,HIGH
attn:,http://www.attn.com/,-11,HIGH
austin american-statesman,http://www.statesman.com/,-8,HIGH
autostraddle,https://www.autostraddle.com/,-23,HIGH
axios,https://www.axios.com/,-9,HIGH
backchannel,https://backchannel.com/,-8,VERY HIGH
backed by fact,http://backedbyfact.com/,-18,HIGH
ballotpedia,https://ballotpedia.org/Main_Page,-1,VERY HIGH
baltimore sun,http://www.baltimoresun.com/,-13,HIGH
bangor daily news,http://bangordailynews.com,-9,HIGH
baptist news global,https://baptistnews.com/,-7,HIGH
battle creek enquirer,https://www.battlecreekenquirer.com,-8,HIGH
battlefords news optimist,http://www.newsoptimist.ca,-2,HIGH
bay area reporter,http://www.ebar.com/,-19,HIGH
bbarta24,http://en.bbarta24.net/,-3,HIGH
bbc,http://www.bbc.com/news,-7,VERY HIGH
bdnews24,http://bdnews24.com/,-4,HIGH
beijing review,http://www.bjreview.com/,-17,HIGH
being liberal,https://www.themaven.net/beingliberal,-27,HIGH
being libertarian,https://beinglibertarian.com/,23,HIGH
bellingcat,https://www.bellingcat.com/,0,HIGH
berkeleyside,http://www.berkeleyside.com,-13,HIGH
berkshire eagle,http://www.berkshireeagle.com/,-11,HIGH
better government association,http://www.bettergov.org/,-5,HIGH
big think,http://bigthink.com/,-2,VERY HIGH
billings gazette,http://billingsgazette.com,7,HIGH
billmoyers.com,http://billmoyers.com/,-9,VERY HIGH
bipartisan policy center,https://bipartisanpolicy.org,9,HIGH
bismarck tribune,http://bismarcktribune.com,1,HIGH
bitch media,https://bitchmedia.org/,-22,HIGH
black agenda report,http://blackagendareport.com/,-22,HIGH
black lives matter,http://blacklivesmatter.com/,-21,HIGH
bloomberg news,https://www.bloomberg.com/,-8,HIGH
blue lives matter,http://bluelivesmatter.blue/,24,HIGH
bluestem prairie,http://www.bluestemprairie.com/,-13,HIGH
bno news,http://bnonews.com/,-3,HIGH
boing boing,http://boingboing.net/,-19,HIGH
boston globe,https://www.bostonglobe.com/,-11,HIGH
boston herald,http://www.bostonherald.com/,9,HIGH
boy genius report (bgr),http://bgr.com/,-10,HIGH
breaking defense,http://breakingdefense.com/,13,HIGH
breakthrough institute,https://thebreakthrough.org,8,HIGH
brennan center for justice,https://www.brennancenter.org/,-15,HIGH
bridge magazine,http://www.bridgemi.com,-2,HIGH
brief.news,http://www.brief.news/,-1,HIGH
brookings institute,https://www.brookings.edu/,-14,VERY HIGH
buffalo news,http://www.buffalonews.com/,-12,HIGH
bulletin of the atomic scientists,http://thebulletin.org/,-5,VERY HIGH
bullshido,http://www.bullshido.net/,-3,HIGH
business 2 community,http://www.business2community.com/,-2,HIGH
business insider,http://www.businessinsider.com/,-11,HIGH
bust magazine,http://bust.com/,-23,HIGH
bustle magazine,https://www.bustle.com/,-14,HIGH
c-span,http://www.c-span.org/,-1,VERY HIGH
calgary herald,http://calgaryherald.com/,-13,HIGH
calgary sun,http://www.calgarysun.com/,13,HIGH
california political review,http://www.capoliticalreview.com/,14,HIGH
calwatchdog.com,https://calwatchdog.com,-8,HIGH
canadaland,http://www.canadalandshow.com,-13,HIGH
canadian dimension,https://canadiandimension.com/,-18,HIGH
canadian jewish news (cjn),http://www.cjnews.com/,10,HIGH
canadian public affairs channel (cpac),http://www.cpac.ca/,-1,HIGH
canadian taxpayers federation,http://www.taxpayer.com/,15,HIGH
cape cod times,http://www.capecodtimes.com,-4,HIGH
capital gazette,http://www.capitalgazette.com/,-12,HIGH
capitol fax,https://capitolfax.com,-3,HIGH
carbonated tv,http://www.carbonated.tv/,-26,HIGH
caribbean life news,https://www.caribbeanlifenews.com/,-13,HIGH
carnegie endowment for international peace,http://carnegieendowment.org/,-5,VERY HIGH
carolina public press,http://carolinapublicpress.org/,-12,HIGH
casper star-tribune,http://trib.com,1,HIGH
castanet,http://www.castanet.net/,-4,HIGH
cato institute,http://www.cato.org/,17,HIGH
cbc news (canadian broadcasting),http://www.cbc.ca/news,-12,HIGH
cbs news,http://www.cbsnews.com/,-12,HIGH
cctv america,http://www.cctv-america.com/,-10,HIGH
center for a new american security,http://www.cnas.org/,-4,HIGH
center for a stateless society,https://c4ss.org/,15,HIGH
center for advanced defense studies,http://c4ads.org/,1,VERY HIGH
center for american progress,https://www.americanprogress.org/,-23,HIGH
center for democracy and technology,https://cdt.org,-2,HIGH
center for global development,http://www.cgdev.org/,-4,VERY HIGH
center for inquiry,http://www.centerforinquiry.net/,-1,VERY HIGH
center for international policy,https://www.ciponline.org/,-11,VERY HIGH
center for media and democracy (pr watch),http://www.prwatch.org/cmd,-21,HIGH
center for popular democracy,http://populardemocracy.org/,-16,HIGH
center for public integrity,https://www.publicintegrity.org/,-3,VERY HIGH
center for responsive politics (open secrets),http://www.opensecrets.org/,-1,VERY HIGH
center for strategic and international studies,https://www.csis.org/,-4,VERY HIGH
center for the national interest,http://cftni.org/,10,HIGH
change.org,https://www.change.org/,-21,HIGH
charleston gazette-mail,http://www.wvgazettemail.com/,-10,HIGH
charlotte observer,http://www.charlotteobserver.com/,-13,HIGH
check your fact,http://checkyourfact.com/,9,HIGH
chicago reader,http://www.chicagoreader.com/,-22,HIGH
chicago sun times,http://chicago.suntimes.com/,-12,HIGH
chicago tribune,http://www.chicagotribune.com/,9,HIGH
china daily,http://www.chinadaily.com.cn/,-4,HIGH
china global television network (cgtn),https://news.cgtn.com,-2,HIGH
chinook observer,http://www.chinookobserver.com,-4,HIGH
christian science monitor,http://www.csmonitor.com/,-4,HIGH
christianity today,http://www.christianitytoday.com/,7,HIGH
chronicles of democracy,http://www.chroniclesofdemocracy.com/,-22,HIGH
cincinnati enquirer,http://www.cincinnati.com/,10,HIGH
circa news,http://circa.com/,7,HIGH
citizen critics,https://citizencritics.org,-18,HIGH
citizen truth,https://citizentruth.org,-13,HIGH
citizens for responsibility and ethics in washington (crew),https://www.citizensforethics.org,-15,HIGH
citizens for tax justice,http://ctj.org/,-13,HIGH
city and state new york,http://cityandstateny.com/,-3,HIGH
city journal,http://www.city-journal.org/,24,HIGH
clean technica,https://cleantechnica.com/,-9,VERY HIGH
cnbc,http://www.cnbc.com/,-13,HIGH
colorado springs gazette,http://gazette.com/,12,HIGH
columbia daily herald,http://www.columbiadailyherald.com/,9,HIGH
columbia journalism review,http://www.cjr.org/,-11,HIGH
columbus dispatch,http://www.dispatch.com/,10,HIGH
commentary magazine,https://www.commentarymagazine.com/,24,HIGH
committee for a responsible federal budget,http://crfb.org/,1,VERY HIGH
committee for economic development,https://www.ced.org/,3,HIGH
committee to investigate russia,https://investigaterussia.org,-9,HIGH
committee to protect journalists,https://www.cpj.org/,-2,VERY HIGH
common cause,http://www.commoncause.org,-12,HIGH
common dreams,http://www.commondreams.org/,-24,HIGH
commonweal magazine,https://www.commonwealmagazine.org,-10,HIGH
commonwealth fund,http://www.commonwealthfund.org/,-11,HIGH
communities digital news,http://www.commdiginews.com/,12,HIGH
competitive enterprise institute,https://cei.org/,17,HIGH
concord monitor,http://www.concordmonitor.com,-4,HIGH
conflict news,http://www.conflict-news.com/,3,HIGH
congress.gov,https://www.congress.gov/,-1,VERY HIGH
congressional budget office (cbo),https://www.cbo.gov/,-1,VERY HIGH
conservative institute,https://www.conservativeinstitute.org,22,HIGH
consortium news,https://consortiumnews.com/,-5,HIGH
constitution daily,https://constitutioncenter.org,1,HIGH
constitution project,http://www.constitutionproject.org/,1,HIGH
consumer reports,https://www.consumerreports.org,-1,HIGH
consumerist,https://consumerist.com/,-3,HIGH
cook political report,http://cookpolitical.com/,-2,HIGH
corporate presidency,https://corporatepresidency.org,-15,HIGH
cosmopolitan,http://www.cosmopolitan.com/,-26,HIGH
council for the national interest,http://www.councilforthenationalinterest.org/,-14,HIGH
council on foreign relations,http://www.cfr.org/,9,HIGH
countable news,http://blog.countable.us/,-4,HIGH
countercurrents.org,http://www.countercurrents.org/,-22,HIGH
counterpunch,http://www.counterpunch.org/,-22,HIGH
courthouse news service,https://www.courthousenews.com,-1,HIGH
cp24,https://www.cp24.com/,-3,HIGH
credo action,http://credoaction.com/,-14,HIGH
crimeola,https://crimeola.com,-1,HIGH
crimethinc,https://crimethinc.com/,-22,HIGH
crooked media,https://crooked.com/,-23,HIGH
crosscut.com,http://crosscut.com/,-13,HIGH
csc mediagroup usa,http://www.cscmediagroupus.com/,30,HIGH
ctv news,http://www.ctvnews.ca/,-14,HIGH
current affairs magazine,https://www.currentaffairs.org/,-21,HIGH
curve magazine,http://www.curvemag.com,-18,HIGH
daily 49er,http://www.daily49er.com/,-19,HIGH
daily beast,http://www.thedailybeast.com/,-23,HIGH
daily business review,http://www.dailybusinessreview.com/,2,HIGH
daily dot,http://www.dailydot.com/,-19,HIGH
daily herald,http://www.dailyherald.com/,8,HIGH
daily hive,http://dailyhive.com/,-9,HIGH
daily journal (illinois),http://www.daily-journal.com,1,HIGH
daily journal (missouri),https://dailyjournalonline.com,-3,HIGH
daily press,http://www.dailypress.com/,7,HIGH
daily record,http://www.dailyrecord.com/,-4,HIGH
daily telegraph,http://www.telegraph.co.uk/,11,HIGH
dallas morning news,http://www.dallasnews.com/,12,HIGH
dallas voice,http://www.dallasvoice.com/,-23,HIGH
darien times,http://www.darientimes.com/,-2,HIGH
dawn,https://www.dawn.com/,-12,HIGH
dayton daily news,https://www.daytondailynews.com,-5,HIGH
dcreport.org,https://www.dcreport.org/,-17,HIGH
de volkskrant,https://www.volkskrant.nl/,9,HIGH
dead state,http://deadstate.org/,-24,HIGH
deadline hollywood,http://deadline.com/,-15,HIGH
deadspin,https://deadspin.com/,-22,HIGH
deathandtaxes,http://www.deathandtaxesmag.com/,-22,HIGH
debate post,http://debatepost.com/,19,HIGH
deccan chronicle,https://www.deccanchronicle.com/,14,HIGH
defense one,http://www.defenseone.com/,0,HIGH
delaware online – the news journal,http://www.delawareonline.com/,-9,HIGH
democracy 21,http://www.democracy21.org/,-16,HIGH
democracy chronicles,https://democracychronicles.org/author/tawfik/,-24,HIGH
democracy now,http://www.democracynow.org/,-22,HIGH
democrat and chronicle,http://www.democratandchronicle.com/,-11,HIGH
demos,http://www.demos.org,-11,HIGH
denver post,http://www.denverpost.com/,-14,HIGH
deseret news,http://www.deseretnews.com/,15,HIGH
desert sun,http://www.desertsun.com/,6,HIGH
desmog,https://www.desmogblog.com/,-18,HIGH
detroit free press,http://www.freep.com/,-12,HIGH
detroit news,http://www.detroitnews.com/,12,HIGH
die hard democrat,http://dieharddemocrat.com/,-26,HIGH
die zeit,http://www.zeit.de/english/index,-9,HIGH
differencebetween.net,http://www.differencebetween.net,0,VERY HIGH
digg,http://digg.com/,-9,HIGH
digital journal,http://www.digitaljournal.com,-2,HIGH
dissent magazine,https://www.dissentmagazine.org/,-23,HIGH
diversityinc,http://www.diversityinc.com,-12,HIGH
doctors without borders,http://www.doctorswithoutborders.org,-1,HIGH
downsizing the federal government,https://www.downsizinggovernment.org,15,HIGH
dpa german press agency,http://www.dpa-international.com/,-3,HIGH
duluth news tribune,https://www.duluthnewstribune.com,9,HIGH
dutch daily news,http://www.dutchdailynews.com/,-13,HIGH
dw news,http://www.dw.com/en/top-stories/s-9097,-14,HIGH
eagle tribune,http://www.eagletribune.com/,1,HIGH
earth institute,http://earth.columbia.edu/sections/view/9,-2,HIGH
earthjustice,https://earthjustice.org,-17,HIGH
east bay times,http://www.eastbaytimes.com/,-9,HIGH
economic policy institute,http://www.epi.org/,-13,HIGH
economicpolicyjournal.com,http://www.economicpolicyjournal.com,24,HIGH
economics.help,https://www.economicshelp.org,-13,HIGH
edmonton journal,http://edmontonjournal.com/,-10,HIGH
edmonton sun,http://www.edmontonsun.com/,15,HIGH
egbertowillies,https://egbertowillies.com/,-28,HIGH
ej insight (eji),http://www.ejinsight.com/,-5,HIGH
el pais,http://elpais.com/elpais/inenglish.html,-13,HIGH
el paso times,http://www.elpasotimes.com/,-8,HIGH
electoral-vote.com,https://www.electoral-vote.com,-19,HIGH
electronic frontier foundation,https://www.eff.org/,-8,HIGH
electronic intifada,https://electronicintifada.net/,-25,HIGH
elisabeth parker,http://elisabethparker.com/,-26,HIGH
elko daily free press,https://elkodaily.com/,1,HIGH
emirates 24/7,http://www.emirates247.com/,-11,HIGH
empty wheel,https://www.emptywheel.net/,-15,HIGH
engadget,https://www.engadget.com/,-12,HIGH
erie times-news,http://www.goerie.com,-4,HIGH
err news (estonia public broadcasting),http://news.err.ee,1,HIGH
esquire magazine,http://www.esquire.com/,-22,HIGH
ethics and public policy center (eppc),https://eppc.org/,15,HIGH
eu observer,https://euobserver.com/,-11,HIGH
eurasia group,http://www.eurasiagroup.net/,-3,HIGH
eurasia review,http://www.eurasiareview.com,-4,HIGH
euronews,http://www.euronews.com/,-4,HIGH
every crs report,https://www.everycrsreport.com/,0,VERY HIGH
everyday feminism,http://everydayfeminism.com/,-21,HIGH
evonomics,http://evonomics.com/,-23,HIGH
exposing the truth,https://www.exposingtruth.com/,-10,HIGH
fact / myth,http://factmyth.com/,-9,HIGH
factbox.tv,http://factbox.tv/,-15,HIGH
factcheck,http://www.factcheck.org/,-1,VERY HIGH
factscan,http://factscan.ca/,-1,VERY HIGH
factwire news agency,https://www.factwire.org/english,-1,HIGH
fair observer,https://www.fairobserver.com,-3,HIGH
fairness & accuracy in reporting (fair),http://fair.org/,-14,HIGH
fairvote,http://www.fairvote.org/,-9,HIGH
faith family america,http://www.faithfamilyamerica.com,13,HIGH
far left watch,https://farleftwatch.com,29,HIGH
fast company magazine,https://www.fastcompany.com/,-11,HIGH
federal news radio,https://federalnewsradio.com,-1,HIGH
federal times,http://www.federaltimes.com/,0,HIGH
feminist current,http://www.feministcurrent.com,-19,HIGH
feminist frequency,https://feministfrequency.com/,-8,HIGH
feministing,http://feministing.com/,-25,HIGH
fifth estate,https://www.fifthestate.org/,-22,HIGH
fight for the future,https://www.fightforthefuture.org,-14,HIGH
filming cops,http://filmingcops.com/,-24,HIGH
financial express,http://www.financialexpress.com/,2,HIGH
financial post,http://www.financialpost.com/,10,HIGH
financial times,https://www.ft.com/,1,HIGH
first draft news,https://firstdraftnews.org/,-3,HIGH
first post,http://www.firstpost.com/,-22,HIGH
fitsnews,https://www.fitsnews.com/,13,HIGH
fivethirtyeight,https://fivethirtyeight.com/,-8,HIGH
florida times-union,http://jacksonville.com/,10,HIGH
foreign affairs,https://www.foreignaffairs.com/,5,HIGH
foreign policy in focus,http://fpif.org/,-10,HIGH
foreign policy initiative,http://www.foreignpolicyi.org/,12,HIGH
foreign policy research institute,http://www.fpri.org/,10,VERY HIGH
foreign policy,http://foreignpolicy.com/,3,HIGH
fort bend herald,http://www.fbherald.com/,13,HIGH
fort worth star-telegram,http://www.star-telegram.com/,10,HIGH
fort worth weekly,https://www.fwweekly.com/,-14,HIGH
fortnightly review,http://fortnightlyreview.co.uk/,15,HIGH
fortune magazine,http://fortune.com/,8,HIGH
forward progressives,http://www.forwardprogressives.com/,-26,HIGH
foundation for defense of democracies,http://www.defenddemocracy.org,21,HIGH
foundation for economic education,https://fee.org/,12,HIGH
france24,http://www.france24.com/en/,-13,HIGH
fraser institute,https://www.fraserinstitute.org/,13,HIGH
freakonomics radio,http://freakonomics.com/,-10,HIGH
free press,http://freepress.org/,-27,HIGH
free rein news,http://frnewsreport.com,-28,HIGH
free wheel media,https://freewheelus.com,-12,HIGH
freedom from religion foundation (ffrf),https://ffrf.org/,-1,HIGH
freedom house,https://freedomhouse.org/,10,HIGH
freedom news and journal,https://freedomnews.org.uk/,-27,HIGH
fresno bee,http://www.fresnobee.com/,-11,HIGH
fstv (freespeech.org),https://www.freespeech.org/,-19,HIGH
full fact (uk),https://fullfact.org/,-5,VERY HIGH
gallup,http://www.gallup.com/home.aspx,-2,VERY HIGH
gay star news,https://www.gaystarnews.com/,-15,HIGH
gbtimes,https://gbtimes.com,-2,HIGH
gears of biz,http://gearsofbiz.com/,-4,HIGH
geopolitics alert,http://geopoliticsalert.com,-13,HIGH
gizmodo,http://gizmodo.com/,-20,HIGH
glamour magazine,http://www.glamour.com/,-14,HIGH
global citizen,https://www.globalcitizen.org/en/,-11,HIGH
global integrity,http://www.globalintegrity.org/,1,HIGH
global news,http://globalnews.ca/,-8,HIGH
global post,http://www.pri.org/programs/globalpost,-10,HIGH
global risk insights (gri),http://globalriskinsights.com,-7,HIGH
global slavery index,https://www.globalslaveryindex.org,-1,VERY HIGH
global times (china),http://www.globaltimes.cn/,-10,HIGH
global voices,https://globalvoices.org/,-18,HIGH
globe gazette (iowa),http://globegazette.com,-3,HIGH
good magazine,https://www.good.is/,-21,HIGH
goodnewsnetwork,http://www.goodnewsnetwork.org/,1,HIGH
governing magazine,http://www.governing.com/,-8,HIGH
government executive,http://www.govexec.com/,-4,HIGH
govtrack,https://www.govtrack.us/,0,VERY HIGH
gq magazine,http://www.gq.com/,-19,HIGH
grand rapids press,http://www.mlive.com/grand-rapids/#/0,13,HIGH
grasping reality with both hands: bradford delong,http://www.bradford-delong.com/,-21,HIGH
greensboro news and record,http://www.greensboro.com/,-12,HIGH
greentech media,https://www.greentechmedia.com/,-12,HIGH
greenville gazette,http://www.greenvillegazette.com/,-26,HIGH
grist,http://grist.org/,-14,HIGH
group of thirty,http://group30.org/,7,HIGH
guardian liberty voice,http://guardianlv.com/,-24,HIGH
guardians of democracy,https://theguardiansofdemocracy.com/,-24,HIGH
gulf news,http://gulfnews.com/,10,HIGH
guns.com,http://www.guns.com,10,HIGH
haaretz,http://www.haaretz.com/,-16,HIGH
harper’s magazine,http://harpers.org/,-8,HIGH
harvard business review,https://hbr.org,-3,HIGH
harvard gazette,http://news.harvard.edu/gazette/,-4,HIGH
harvard political review,http://harvardpolitics.com/,-4,HIGH
hastings tribune,http://www.hastingstribune.com,-2,HIGH
healthcare finance news,http://www.healthcarefinancenews.com/,-1,HIGH
healthyway,https://www.healthyway.com,-11,HIGH
heavy,http://heavy.com/,-13,HIGH
helsinki times,http://www.helsinkitimes.fi/,-15,HIGH
herald & review (illinois),https://herald-review.com,2,HIGH
herald-sun,http://www.heraldsun.com.au/,11,HIGH
heterodox academy,https://heterodoxacademy.org,8,HIGH
high country news,https://www.hcn.org,-13,HIGH
high point enterprise,http://www.hpenews.com/,10,HIGH
highline,http://highline.huffingtonpost.com,-12,HIGH
hindustan times,http://www.hindustantimes.com/,-8,HIGH
history news network,http://historynewsnetwork.org/,-12,HIGH
hoax slayer,http://www.hoax-slayer.com/,0,VERY HIGH
hollywood reporter,http://www.hollywoodreporter.com/,-15,HIGH
homeland security news wire,http://www.homelandsecuritynewswire.com,1,HIGH
honest reporting,http://honestreporting.com/,10,HIGH
honolulu star-advertiser,http://www.staradvertiser.com/,-11,HIGH
hot air,http://hotair.com/,26,HIGH
houston chronicle,https://www.houstonchronicle.com/,-14,HIGH
hudson institute,http://www.hudson.org/,22,HIGH
huffington post (huffpost),http://www.huffingtonpost.com/,-21,HIGH
human rights campaign (hrc),https://www.hrc.org,-24,HIGH
human rights watch,https://www.hrw.org/,-8,HIGH
humanium,https://www.humanium.org,-13,HIGH
i24 news,http://www.i24news.tv/,1,HIGH
ice news,http://www.icenews.is/,-13,HIGH
icitizen,https://icitizen.com,-3,HIGH
idaho statesman,http://www.idahostatesman.com,-3,HIGH
if americans knew,http://ifamericaknew.org/,-15,HIGH
ihs janes 360,http://www.janes.com/,1,HIGH
illinois policy institute,https://www.illinoispolicy.org/,20,HIGH
imediaethics,https://www.imediaethics.org,-4,HIGH
in defence of marxism,https://www.marxist.com/,-27,HIGH
in homeland security,https://inhomelandsecurity.com,9,HIGH
in these times,http://inthesetimes.com/,-22,HIGH
independent australia,https://independentaustralia.net/,-15,HIGH
independent journal review,https://ijr.com/,26,HIGH
independent record (montana),http://helenair.com,1,HIGH
independent sentinel,http://www.independentsentinel.com/,29,HIGH
independent voter network (ivn),https://ivn.us/,-4,HIGH
india today,http://indiatoday.intoday.in/,-4,HIGH
indianapolis star,http://www.indystar.com/,-10,HIGH
inequality media,https://www.inequalitymedia.org/,-19,HIGH
inews,https://inews.co.uk/,-13,HIGH
informed comment,https://www.juancole.com,-19,HIGH
inside higher ed,https://www.insidehighered.com/,-7,HIGH
inside philanthropy,https://www.insidephilanthropy.com,-13,HIGH
insideclimate news,https://insideclimatenews.org/,-7,HIGH
insidesources,http://www.insidesources.com,12,HIGH
institute for humane studies,https://theihs.org/,7,HIGH
institute for middle east understanding (imeu),https://imeu.org,-12,HIGH
institute for policy studies,http://www.ips-dc.org,-28,HIGH
institute for women’s policy research (iwpr),https://iwpr.org,-4,HIGH
institute on taxation and economic policy (itep),https://itep.org/,-11,HIGH
inter press service (ips),http://www.ips.org,-16,HIGH
international center for research on women,http://www.icrw.org/,-11,HIGH
international consortium of investigative journalists,https://www.icij.org/,-4,VERY HIGH
international crisis group,https://www.crisisgroup.org/,-10,HIGH
international energy agency (iea),https://www.iea.org/,-5,HIGH
international organization,http://journals.cambridge.org/action/displayIssue?jid=INO&tab=currentissue,1,VERY HIGH
international press institute,http://www.freemedia.at/,-1,VERY HIGH
international rescue committee (irc),https://www.rescue.org/,-3,HIGH
inverse,https://www.inverse.com,-12,HIGH
investigative reporters and editors,https://www.ire.org/,-1,VERY HIGH
investopedia,http://www.investopedia.com/,-1,HIGH
iowa starting line,https://iowastartingline.com,-22,HIGH
ipolitics,http://ipolitics.ca/,-9,HIGH
irin news,http://www.irinnews.org/,-10,HIGH
irish independent,http://www.independent.ie/,11,HIGH
israel hayom,http://www.israelhayom.com/site/today.php,13,HIGH
itv news,http://www.itv.com/news/,8,HIGH
jackson sun,https://www.jacksonsun.com,2,HIGH
jacobin,https://www.jacobinmag.com/,-22,HIGH
japan times,https://www.japantimes.co.jp/,1,HIGH
japan today,https://www.japantoday.com/,7,HIGH
jewish news syndicate (jns),https://www.jns.org,13,HIGH
jewish policy center,https://www.jewishpolicycenter.org/,20,HIGH
jewish telegraphic agency (jta),http://www.jta.org,1,HIGH
jihadica,http://www.jihadica.com/,-9,HIGH
joint center for political and economic studies,http://jointcenter.org/,-13,HIGH
journal gazette & times-courier,https://www.opensecrets.org/orgs/totals.php?id=D000052990&cycle=2014,-3,HIGH
journal of politics and society,http://www.helvidius.org/,-10,VERY HIGH
jstor daily,http://daily.jstor.org/,-1,VERY HIGH
just facts daily,http://www.justfactsdaily.com/,19,HIGH
just facts,http://www.justfacts.com/,12,HIGH
just security,https://www.justsecurity.org/,-3,HIGH
kaiser family foundation,http://kff.org/,-4,HIGH
kansas city star,http://www.kansascity.com/,-12,HIGH
keep and bear,https://keepandbear.com,28,HIGH
kmov,http://www.kmov.com/,-9,HIGH
knight foundation,http://www.knightfoundation.org/,-7,HIGH
know your meme,http://knowyourmeme.com/,-1,HIGH
knowhere,https://knowherenews.com,-1,HIGH
knoxville news sentinel,https://www.knoxnews.com,-12,HIGH
koco news 5,http://www.koco.com/,-7,HIGH
kotaku,https://kotaku.com,-13,HIGH
kuow npr,http://kuow.org/,-10,HIGH
kutv salt lake city,http://kutv.com/,10,HIGH
la presse,http://www.lapresse.ca/,-16,HIGH
la times (los angeles times),http://www.latimes.com/,-14,HIGH
las vegas review-journal,http://www.reviewjournal.com/,12,HIGH
latin times,http://www.latintimes.com/,-8,HIGH
lavender magazine,http://www.lavendermagazine.com/,-22,HIGH
law newz,http://lawnewz.com/,-11,HIGH
lawfare blog,https://www.lawfareblog.com/,-13,HIGH
le devoir,http://www.ledevoir.com/,1,HIGH
lead stories,https://leadstories.com/,-2,VERY HIGH
learn liberty,http://www.learnliberty.org/,8,HIGH
left action,http://leftaction.com/,-25,HIGH
left foot forward,https://leftfootforward.org/,-23,HIGH
left justified,http://www.leftjustified.com/,-9,HIGH
left voice,http://www.leftvoice.org,-22,HIGH
left wing nation,http://leftwingnation.org/,-28,HIGH
lethbridge herald,http://lethbridgeherald.com/,-12,HIGH
lexington herald leader,http://www.kentucky.com/,-10,HIGH
lexington institute,http://lexingtoninstitute.org/,8,HIGH
lgbtq nation,http://www.lgbtqnation.com/,-18,HIGH
libcom.org,http://libcom.org,-28,HIGH
liberal mountain,http://www.liberalmountain.com/,-16,HIGH
liberation news,https://www.liberationnews.org/,-22,HIGH
liberty viral,https://libertyviral.com/,13,HIGH
lifehacker,https://lifehacker.com/,-10,HIGH
lima charlie news,https://limacharlienews.com,2,HIGH
lincoln journal star,http://journalstar.com/,-2,HIGH
listverse,http://listverse.com/,-3,HIGH
liveleak,https://www.liveleak.com/,-12,HIGH
lompoc record,http://lompocrecord.com/,1,HIGH
london evening standard,http://www.standard.co.uk/,15,HIGH
longview news-journal,https://www.news-journal.com,2,HIGH
los angeles daily news,http://www.dailynews.com/,6,HIGH
mackinac center for public policy,http://www.mackinac.org/,10,HIGH
maclean’s magazine,http://www.macleans.ca/,-11,HIGH
maine beacon,http://mainebeacon.com/,-9,HIGH
makeuseof,https://www.makeuseof.com/,-2,HIGH
manhattan institute for policy research,http://www.manhattan-institute.org/,10,HIGH
maplight,http://maplight.org/,-2,VERY HIGH
marketwatch,http://www.marketwatch.com/,0,HIGH
mashable,http://mashable.com/,-20,HIGH
mcclatchydc,http://www.mcclatchydc.com/,-4,HIGH
media matters,http://mediamatters.org/,-24,HIGH
mediafile,http://www.mediafiledc.com,-12,HIGH
mediaite,http://www.mediaite.com/,-23,HIGH
mediashift,http://mediashift.org/,-4,HIGH
meduza,https://meduza.io/en,-19,HIGH
mental floss,http://mentalfloss.com/,-2,HIGH
mercatornet,https://www.mercatornet.com,28,HIGH
mercopress,http://en.mercopress.com/,-1,HIGH
merion west,http://merionwest.com/,5,HIGH
merry jane,https://www.merryjane.com/,-20,HIGH
metabunk,https://www.metabunk.org/,-3,HIGH
metro uk,http://metro.co.uk/,-14,HIGH
metro,http://www.metro.us/,-10,HIGH
mexico daily news,http://mexiconewsdaily.com/,-13,HIGH
miami herald,http://www.miamiherald.com/,-10,HIGH
miami new times,http://www.miaminewtimes.com/,-23,HIGH
mic,https://mic.com/,-14,HIGH
migration policy institute,https://www.migrationpolicy.org,-10,HIGH
military times,http://www.militarytimes.com/,8,HIGH
military.com,http://www.military.com/,3,HIGH
milwaukee journal-sentinel,http://www.jsonline.com/,-9,HIGH
minneapolis star tribune,http://www.startribune.com/,-9,HIGH
minnesota public radio (mpr),https://www.mprnews.org/,-11,HIGH
minnpost,https://www.minnpost.com,-11,HIGH
missoulian,http://missoulian.com/,-3,HIGH
mlive (michigan – booth newspapers),http://www.mlive.com/,-1,HIGH
molad the center for the renewal of israeli democracy,http://www.molad.org/en/,-20,HIGH
mondoweiss,http://mondoweiss.net/,-18,HIGH
mongabay,https://news.mongabay.com,-12,HIGH
montana standard,http://mtstandard.com,-3,HIGH
monthly review,http://monthlyreview.org/,-13,HIGH
montreal gazette,http://montrealgazette.com/,-12,HIGH
morning consult,https://morningconsult.com/,-13,HIGH
moscow times,https://themoscowtimes.com/,-14,HIGH
mother jones,http://www.motherjones.com/,-23,HIGH
mother nature network,https://www.mnn.com,-15,HIGH
mountain democrat,https://www.mtdemocrat.com,-8,HIGH
ms. (magazine),http://www.msmagazine.com/,-20,HIGH
msn.com,http://www.msn.com/,-9,HIGH
muncie voice,http://www.muncievoice.com/,-15,HIGH
mwc news – media with conscience,http://mwcnews.net/,-12,HIGH
mynorthwest,http://mynorthwest.com,12,HIGH
naked capitalism,http://www.nakedcapitalism.com/,-12,HIGH
napa valley register,http://napavalleyregister.com,2,HIGH
national affairs magazine,https://www.nationalaffairs.com,9,HIGH
national association for the advancement of colored people (naacp),http://www.naacp.org/,-17,HIGH
national bureau of economic research (nber),http://www.nber.org/,1,HIGH
national center for transgender equality (ncte),https://transequality.org,-15,HIGH
national institute on money in state politics,https://www.followthemoney.org/,-4,HIGH
national interest,http://nationalinterest.org/,6,HIGH
national journal,https://www.nationaljournal.com/,-4,HIGH
national monitor,http://natmonitor.com/,-15,HIGH
national newswatch,http://www.nationalnewswatch.com/,-8,HIGH
national observer (canada),http://www.nationalobserver.com/,-15,HIGH
national post,http://www.nationalpost.com/index.html,13,HIGH
national youth rights association,http://www.youthrights.org/,-8,HIGH
nationmaster,http://www.nationmaster.com,-1,VERY HIGH
natural resource governance institute,http://www.resourcegovernance.org/,-11,HIGH
natural resources defense council,https://www.nrdc.org/,-14,HIGH
nature conservancy,https://www.nature.org,-9,HIGH
nbc news,http://www.nbcnews.com/,-14,HIGH
nc policy watch,http://www.ncpolicywatch.com/,-14,HIGH
ndtv,https://www.ndtv.com/,-12,HIGH
need 2 know,http://theneed2know.com/,-5,HIGH
netherlands radio and television association (nos),https://nos.nl,7,HIGH
new america,https://www.newamerica.org/,-3,HIGH
new bern sun journal,http://www.newbernsj.com/,-4,HIGH
new england cable news (necn),http://www.necn.com/,-9,HIGH
new europe,https://www.neweurope.eu/,-13,HIGH
new internationalist,https://newint.org/,-22,HIGH
new left review,https://newleftreview.org/,-14,HIGH
new matilda,https://newmatilda.com/,-13,HIGH
new moderate,https://newmoderate.com/,-11,HIGH
new politics magazine,http://newpol.org/,-19,HIGH
new republic,https://newrepublic.com/,-20,HIGH
new revolution now,http://www.newrevolutionnow.org/,22,HIGH
new statesman,http://www.newstatesman.com/,-22,HIGH
new york magazine,http://nymag.com/,-22,HIGH
new york observer,http://observer.com/,20,HIGH
new york times,https://www.nytimes.com/,-12,HIGH
new yorker,http://www.newyorker.com/,-23,HIGH
new zealand herald,http://www.nzherald.co.nz,1,HIGH
news and guts,https://www.newsandgutsmedia.com/,-13,HIGH
news channel 4 (kfor.com),http://kfor.com/,-8,HIGH
news deeply,https://www.newsdeeply.com,-16,HIGH
news lookup,http://www.newslookup.com,-1,HIGH
news rescue,http://newsrescue.com/,11,HIGH
news-gazette,http://www.news-gazette.com/,8,HIGH
news.com.au,http://www.news.com.au/,-12,HIGH
news24 (south africa),http://www.news24.com/,2,HIGH
newsday,http://www.newsday.com/,-15,HIGH
newsela,https://newsela.com/,-3,HIGH
newser,http://www.newser.com,-9,HIGH
newsone,https://newsone.com/,-16,HIGH
newsy,http://www.newsy.com/,-10,HIGH
next avenue,http://www.nextavenue.org/,-5,HIGH
nextgov,http://www.nextgov.com/,-2,HIGH
nhk world,https://www3.nhk.or.jp/nhkworld/,-2,HIGH
niskanen center,https://niskanencenter.org,-5,HIGH
nk news,https://www.nknews.org,-4,HIGH
no labels,https://www.nolabels.org/,-3,HIGH
noozhawk,https://www.noozhawk.com/,-4,HIGH
north99,https://north99.org/,-24,HIGH
northwest indiana times,http://www.nwitimes.com,2,HIGH
novinite,http://www.novinite.com/,-4,HIGH
now magazine,https://nowtoronto.com/,-18,HIGH
npr (national public radio),http://www.npr.org/sections/news/,-9,VERY HIGH
ntd.tv (new tang dynasty),http://www.ntd.tv/,14,HIGH
oc weekly,http://www.ocweekly.com/,-12,HIGH
odessa american,http://www.oaoa.com,10,HIGH
oil and water don’t mix,http://www.oilandwaterdontmix.org/,-8,HIGH
oil price,http://oilprice.com/,8,HIGH
omaha world-herald,http://www.omaha.com/,10,HIGH
ontario proud,https://www.ontarioproud.ca,24,HIGH
open the government,http://www.openthegovernment.org/,-3,HIGH
opendemocracy,https://www.opendemocracy.net/,-15,HIGH
opposing views,http://www.opposingviews.com/,-14,HIGH
orange county register,http://www.ocregister.com/,11,HIGH
oregonian,http://www.oregonlive.com/#/0,12,HIGH
orlando sentinel,http://www.orlandosentinel.com/,10,HIGH
ottawa citizen,http://ottawacitizen.com/,10,HIGH
our voice ny,https://ourvoiceny.com,-25,HIGH
our world in data,https://ourworldindata.org,-8,HIGH
outside the beltway,http://www.outsidethebeltway.com/,-11,HIGH
oyez project,https://www.oyez.org,-1,VERY HIGH
ozy media,http://www.ozy.com/,-13,HIGH
pacific daily news,https://www.guampdn.com/,-3,HIGH
pacific research institute,http://www.pacificresearch.org/home/,9,HIGH
pacific standard magazine,https://psmag.com/,-10,HIGH
panam post,https://panampost.com/,-12,HIGH
parallax news (pxw),http://parallax.news/,0,HIGH
paste magazine,https://www.pastemagazine.com/,-21,HIGH
patch,https://patch.com/,-2,HIGH
patriotic millionaires,https://patrioticmillionaires.org,-12,HIGH
pbs news hour,http://www.pbs.org/newshour/,-10,HIGH
peacock panache,http://www.peacock-panache.com,-27,HIGH
peninsula daily news,http://www.peninsuladailynews.com/,8,HIGH
pensacola news journal,https://www.pnj.com,-4,HIGH
people for the american way (pfaw),http://www.pfaw.org,-19,HIGH
people magazine,http://people.com/politics/,-20,HIGH
peterson foundation,http://www.pgpf.org/,1,HIGH
peterson institute for international economics,https://piie.com/,2,HIGH
pew research,http://www.pewresearch.org/,-1,VERY HIGH
philadelphia inquirer,http://www.philly.com/inquirer/,-11,HIGH
philadelphia tribune,http://www.phillytrib.com/,-11,HIGH
philippine daily inquirer,https://www.inquirer.net/,-8,HIGH
phoenix new times,http://www.phoenixnewtimes.com/,-16,HIGH
pinac,https://photographyisnotacrime.com/,-18,HIGH
pink news,http://www.pinknews.co.uk/home/,-20,HIGH
pittsburgh post-gazette,http://www.post-gazette.com/,7,HIGH
pittsburgh tribune review,http://triblive.com/,10,HIGH
places journal,https://placesjournal.org/,-3,VERY HIGH
pluralist,https://www.pluralist.com,-11,HIGH
policy review,http://www.hoover.org/publications/policy-review,22,HIGH
policyed,https://www.policyed.org/,16,HIGH
political critique,http://politicalcritique.org/,-13,HIGH
political storm,http://www.politicalstorm.com/,5,HIGH
politico,http://www.politico.com/,-15,HIGH
politics that work,http://politicsthatwork.com/,-15,HIGH
politicususa,http://www.politicususa.com/,-23,HIGH
politifact,http://www.politifact.com/,-4,HIGH
politisite,http://politi.site,24,HIGH
polygraph.info,http://www.polygraph.info/,-2,VERY HIGH
population connection,http://www.populationconnection.org,-15,HIGH
portland press-herald,http://www.pressherald.com/,-7,HIGH
positive news,https://www.positive.news,-12,HIGH
post-bulletin,http://www.postbulletin.com/,6,HIGH
power line,http://www.powerlineblog.com/,24,HIGH
poynter institute,http://www.poynter.org/,-4,VERY HIGH
pr newswire,http://prnewswire.mediaroom.com/,-1,HIGH
press progress,https://www.pressprogress.ca/,-20,HIGH
procon.org,https://www.procon.org/,-2,HIGH
progressive army,http://progressivearmy.com,-22,HIGH
project censored,http://projectcensored.org/,-19,HIGH
project on government oversight,http://pogo.org/,-4,VERY HIGH
project syndicate,https://www.project-syndicate.org/,-2,HIGH
propublica,https://www.propublica.org/,-13,HIGH
prospect magazine,http://www.prospectmagazine.co.uk/,-11,HIGH
public citizen,https://www.citizen.org/,-13,HIGH
public policy polling (ppp),http://www.publicpolicypolling.com/,0,VERY HIGH
public radio international (pri),http://www.pri.org/,-13,HIGH
public religion research institute (prri),http://www.prri.org/,2,VERY HIGH
punchingbag post,http://punchingbagpost.com/,13,HIGH
putintrump.org,http://putintrump.org/,-20,HIGH
quad city times,http://qctimes.com/,-4,HIGH
quartz,http://qz.com/,-11,HIGH
queerty,https://www.queerty.com,-20,HIGH
quillette,http://quillette.com/,11,HIGH
r street institute,http://www.rstreet.org/,10,HIGH
rabble.ca,http://rabble.ca/,-25,HIGH
radio free asia,http://www.rfa.org/english/,-7,HIGH
radio free europe / radio liberty,https://www.rferl.org,-2,HIGH
raleigh news and observer,http://www.newsobserver.com/,-9,HIGH
rand corporation,https://www.rand.org,-4,HIGH
rantt media,https://rantt.com,-19,HIGH
rapid city journal,http://rapidcityjournal.com,-3,HIGH
rare news,http://rare.us/,9,HIGH
rasmussen reports,http://www.rasmussenreports.com/,7,HIGH
rationalwiki,http://rationalwiki.org/wiki/Main_Page,-11,HIGH
reading the pictures,http://www.readingthepictures.org,-20,HIGH
real clear defense,http://www.realcleardefense.com/,10,HIGH
real clear policy,http://www.realclearpolicy.com/,9,HIGH
real clear politics,http://www.realclearpolitics.com/,9,HIGH
real news network,http://therealnews.com/t2/,-19,HIGH
realclearreligion,https://www.realclearreligion.org,9,HIGH
reason,http://reason.com/,14,HIGH
recode,https://www.recode.net/,-1,HIGH
red pepper,http://www.redpepper.org.uk/,-29,HIGH
red river valley news,http://www.valleynewslive.com/,8,HIGH
red state disaster,https://redstatedisaster.com,-23,HIGH
relevant magazine,https://relevantmagazine.com,3,HIGH
religion news service (rns),http://religionnews.com,-11,HIGH
remington research group,https://remingtonresearchgroup.com,6,HIGH
reporters lab,http://reporterslab.org/,-1,VERY HIGH
reporters without borders,https://rsf.org/en,-5,HIGH
represent.us,https://represent.us/,-5,HIGH
restore american glory,http://www.restoreamericanglory.com/,26,HIGH
reuters,http://www.reuters.com/,-3,VERY HIGH
reveal – center for investigative reporting,https://www.revealnews.org/,-7,HIGH
reverb press,http://reverbpress.news/,-22,HIGH
revere press,http://reverepress.com,-27,HIGH
revolution news,http://revolution-news.com/,-20,HIGH
rewire,https://rewire.news/,-18,HIGH
richmond times-dispatch,http://www.richmond.com/,10,HIGH
right web,http://rightweb.irc-online.org,-13,HIGH
ring of fire,https://trofire.com/,-27,HIGH
riverbender.com,https://www.riverbender.com/,-2,HIGH
roanoke times,http://www.roanoke.com/,-8,HIGH
roll call,http://www.rollcall.com/,-4,VERY HIGH
rolling stone,http://www.rollingstone.com/,-16,HIGH
roosevelt institute,http://rooseveltinstitute.org/,-12,HIGH
rte (radio television of ireland),https://www.rte.ie,-3,HIGH
rudaw,http://rudaw.net/english,-10,HIGH
russian media monitor,http://www.russialies.com,-5,HIGH
russian news agency-tass,http://tass.com/,10,HIGH
sacramento bee,http://www.sacbee.com/,-11,HIGH
salem radio network news (srn news),http://www.srnnews.com/,8,HIGH
salon,http://www.salon.com/,-25,HIGH
salt lake tribune,http://www.sltrib.com/,-10,HIGH
san antonio express-news,http://www.mysanantonio.com/,-9,HIGH
san bernardino sun,https://www.sbsun.com,9,HIGH
san diego free press,https://sandiegofreepress.org/,-15,HIGH
san diego reader,https://www.sandiegoreader.com,-14,HIGH
san diego union tribune,http://www.sandiegouniontribune.com/,-5,HIGH
san francisco chronicle,http://www.sfchronicle.com/,-14,HIGH
san francisco examiner,http://www.sfexaminer.com,-13,HIGH
san jose mercury news,http://www.mercurynews.com/,-13,HIGH
santa barbara independent,http://www.independent.com/,-12,HIGH
santa maria times,http://santamariatimes.com,2,HIGH
sarasota herald-tribune,http://www.heraldtribune.com/,-3,HIGH
saskatoon starphoenix,http://thestarphoenix.com/,12,HIGH
saudi gazette,http://saudigazette.com.sa,-8,HIGH
savannah morning news,http://savannahnow.com/,10,HIGH
save jersey,https://savejersey.com,24,HIGH
sayfie review,http://www.sayfiereview.com/,-1,HIGH
scary mommy,http://www.scarymommy.com/,-18,HIGH
science debate,http://sciencedebate.org/,-3,VERY HIGH
scoopnest,http://www.scoopnest.com/,-1,HIGH
scotusblog,http://www.scotusblog.com/,-3,HIGH
scroll.in,https://scroll.in/,-10,HIGH
seattle post-intelligencer,http://www.seattlepi.com/,-13,HIGH
seattle times,http://www.seattletimes.com/,-14,HIGH
sentencing project,https://www.sentencingproject.org/,-15,HIGH
sfgate,http://www.sfgate.com/,-14,HIGH
shadow proof,https://shadowproof.com,-26,HIGH
shame project,http://shameproject.com/,-12,HIGH
shareably,http://www.shareably.net/,0,HIGH
shorenstein center,https://shorensteincenter.org/,-3,HIGH
simple politics,http://www.simplepolitics.co.uk,0,HIGH
sioux city journal,http://siouxcityjournal.com/,-4,HIGH
sky news,http://news.sky.com/,-12,HIGH
slate,http://www.slate.com/,-23,HIGH
smirking chimp,http://www.smirkingchimp.com/,-22,HIGH
snopes,http://www.snopes.com/,-3,HIGH
socialist standard,http://www.worldsocialism.org/spgb/,-24,HIGH
socialistworker.org,https://socialistworker.org/,-27,HIGH
sofrep,https://sofrep.com/,11,HIGH
sojourners (soho),https://sojo.net/,-12,HIGH
sootoday.com,https://www.sootoday.com/,-13,HIGH
sourcewatch,http://www.sourcewatch.org/index.php/SourceWatch,-20,HIGH
south bend tribune,https://www.southbendtribune.com/,-4,HIGH
south china morning post,http://www.scmp.com/,-4,HIGH
south florida sun-sentinel,http://www.sun-sentinel.com/,8,HIGH
southern poverty law center,https://www.splcenter.org/,-11,HIGH
special broadcasting service (sbs),http://www.sbs.com.au/,-8,HIGH
spectrum news – ny1,http://www.ny1.com/nyc/all-boroughs,-3,HIGH
spiegel online,http://www.spiegel.de/international/,-11,HIGH
st. cloud times,http://www.sctimes.com/,-4,HIGH
st. louis post-dispatch,http://www.stltoday.com/,-10,HIGH
st. paul pioneer press,http://www.twincities.com/,-8,HIGH
st. pete for peace,https://www.stpete4peace.org/,-19,HIGH
star-ledger,http://www.nj.com/starledger/,-14,HIGH
stars and stripes,https://www.stripes.com/,0,HIGH
stat (news),https://www.statnews.com/,-4,HIGH
staten island advance,http://www.silive.com/,-11,HIGH
statesman journal,http://www.statesmanjournal.com/,8,HIGH
stimson center,http://stimson.org/,-1,HIGH
stock news usa,https://stocknewsusa.com,-4,HIGH
stopfake,http://www.stopfake.org/,-12,HIGH
strategic culture foundation,http://www.strategic-culture.org/,11,HIGH
strategypage,https://www.strategypage.com,2,HIGH
stratfor,https://www.stratfor.com/,-3,HIGH
student daily news,https://www.studentnewsdaily.com/,11,HIGH
stuff,https://www.stuff.co.nz/,-9,HIGH
sunlight foundation,http://sunlightfoundation.com/,-1,VERY HIGH
swarajya,https://swarajyamag.com/,11,HIGH
swi – swissinfo.ch,https://www.swissinfo.ch/,-8,HIGH
syrian observatory for human rights (sohr),http://www.syriahr.com/en/,-14,HIGH
tablet magazine,http://www.tabletmag.com/,-14,HIGH
taipei times,http://www.taipeitimes.com/,-4,HIGH
taiwan news,https://www.taiwannews.com.tw/,-4,HIGH
takepart,http://www.takepart.com/,-22,HIGH
talking points memo,http://talkingpointsmemo.com/,-21,HIGH
tallahassee democrat,http://www.tallahassee.com/,7,HIGH
tampa bay times,http://www.tampabay.com/,-11,HIGH
tampa tribune,http://www.tbo.com/,13,HIGH
task and purpose,http://taskandpurpose.com/,-4,HIGH
tax foundation,http://taxfoundation.org/,7,VERY HIGH
tax justice network,https://www.taxjustice.net/,-11,HIGH
tax policy center,http://www.taxpolicycenter.org,-8,HIGH
tea party patriots,http://www.teapartypatriots.org/,20,HIGH
tea party tribune,http://www.teapartytribune.com/,28,HIGH
techcrunch,https://techcrunch.com,-14,HIGH
techdirt,https://www.techdirt.com,-14,HIGH
texas monthly,https://www.texasmonthly.com,-12,HIGH
texas standard,http://www.texasstandard.org/,-2,HIGH
texas tribune,https://www.texastribune.org/,-2,HIGH
tharawat magazine,http://www.tharawat-magazine.com/#gs.a9CcWpc,8,HIGH
that’s nonsense,http://www.thatsnonsense.com/,-1,HIGH
the age (australia),http://www.theage.com.au/,-12,HIGH
the algemeiner journal,https://www.algemeiner.com/,14,HIGH
the american conservative,http://www.theamericanconservative.com/,11,HIGH
the american independent institute,http://americanindependent.com/,-23,HIGH
the american interest,http://www.the-american-interest.com/,11,HIGH
the american prospect,http://prospect.org/,-23,HIGH
the atlantic,https://www.theatlantic.com/,-12,HIGH
the auburn citizen,http://auburnpub.com/,-3,HIGH
the augusta chronicle,http://chronicle.augusta.com/,17,HIGH
the austin chronicle,https://www.austinchronicle.com,-20,HIGH
the australian financial review,http://www.afr.com/,2,HIGH
the australian,http://www.theaustralian.com.au/,12,HIGH
the automatic earth,https://www.theautomaticearth.com/,-9,HIGH
the baffler,https://thebaffler.com/,-13,HIGH
the balance,https://www.thebalance.com,-4,HIGH
the bangkok post,http://www.bangkokpost.com/,-5,HIGH
the baxter bulletin,https://www.baxterbulletin.com,-2,HIGH
the belfer center for science and international affairs,http://www.belfercenter.org/,1,HIGH
the budapest beacon,https://budapestbeacon.com/,-15,HIGH
the bureau of investigative journalism,https://www.thebureauinvestigates.com/,-4,HIGH
the burning spear,http://www.theburningspear.com/,-23,HIGH
the california republican,http://carepublican.com,26,HIGH
the canadian press,http://www.thecanadianpress.com/,-4,HIGH
the canary (uk),http://www.thecanary.co/,-23,HIGH
the center on budget and policy priorities,http://www.cbpp.org/,-10,HIGH
the century foundation,https://tcf.org/,-16,HIGH
the chicago reporter,http://chicagoreporter.com/,-16,HIGH
the china post,http://www.chinapost.com.tw/,-3,HIGH
the christian left,http://www.thechristianleft.org/,-15,HIGH
the chronicle of higher education,http://www.chronicle.com/,-2,HIGH
the cipher brief,https://www.thecipherbrief.com/,1,HIGH
the citizen,https://www.thecitizen.org.au,-11,HIGH
the climate reality project,https://www.climaterealityproject.org/,-18,HIGH
the conversation,https://theconversation.com/us,-4,HIGH
the council of canadians,https://canadians.org/,-13,HIGH
the courier mail,http://www.couriermail.com.au/,14,HIGH
the courier-journal,http://www.courier-journal.com/,-10,HIGH
the daily banter,http://thedailybanter.com/,-23,HIGH
the daily buzz,http://the-daily.buzz/,-19,HIGH
the daily citizen (dalton),http://www.daltondailycitizen.com/,7,HIGH
the daily climate,http://www.dailyclimate.org/,-12,HIGH
the daily gazette,https://dailygazette.com,-4,HIGH
the daily news (longview),https://tdn.com,-5,HIGH
the daily northwestern,https://dailynorthwestern.com,-4,HIGH
the daily progress,http://www.dailyprogress.com,-2,HIGH
the daily tarheel,http://www.dailytarheel.com/,-12,HIGH
the daily vox,https://www.thedailyvox.co.za/,-21,HIGH
the day (new london),http://www.theday.com,-3,HIGH
the defcon warning system,https://www.defconwarningsystem.com,1,HIGH
the des moines register,http://www.desmoinesregister.com/,-4,HIGH
the diplomat magazine,http://thediplomat.com/,0,HIGH
the economic times,http://economictimes.indiatimes.com/,-8,HIGH
the economist,http://www.economist.com/,1,HIGH
the elkhart truth,http://www.elkharttruth.com,-2,HIGH
the epoch times,http://www.theepochtimes.com/,13,HIGH
the establishment,https://theestablishment.co,-23,HIGH
the european council on foreign relations (ecfr),http://www.ecfr.eu/,-14,HIGH
the fake news codex,http://www.fakenewscodex.com/,-1,HIGH
the federalist,http://thefederalist.com/,27,HIGH
the fiscal times,http://www.thefiscaltimes.com/,11,HIGH
the forward,http://forward.com/,-12,HIGH
the frisky,http://www.thefrisky.com/,-20,HIGH
the fucking news,http://thefingnews.com/,-23,HIGH
the gazette (cedar rapids),http://www.thegazette.com/,11,HIGH
the globe and mail,http://www.theglobeandmail.com/,7,HIGH
the guardian,https://www.theguardian.com/us,-14,HIGH
the hartford courant,http://www.courant.com/,-12,HIGH
the hayride,http://thehayride.com/,28,HIGH
the herald (everett),http://www.heraldnet.com/,-8,HIGH
the herald journal (utah),https://news.hjnews.com/,0,HIGH
the herald-sun (durham/north carolina),https://www.heraldsun.com,-5,HIGH
the hill,http://thehill.com/,-8,HIGH
the hindu business line,http://www.thehindubusinessline.com/,7,HIGH
the hindu,http://newsite.thehindu.com/,-8,HIGH
the humanist magazine,https://thehumanist.com/,-5,HIGH
the independent review,http://www.independent.org/,6,HIGH
the independent,http://www.independent.co.uk/us,-15,HIGH
the indian express,http://indianexpress.com/,-3,HIGH
the intellectualist,https://theintellectualist.co/,-20,HIGH
the intercept,https://theintercept.com/,-17,HIGH
the irish times,http://www.irishtimes.com/,-8,HIGH
the irrawaddy,http://www.irrawaddy.com/,-13,HIGH
the jack news,https://www.thejacknews.com,9,HIGH
the jakarta post,http://www.thejakartapost.com/,-2,HIGH
the jamestown foundation,http://www.jamestown.org/,11,HIGH
the japan news,http://the-japan-news.com/,8,HIGH
the jerusalem post,http://www.jpost.com/,-3,HIGH
the jerusalem report,http://www.jpost.com/Jerusalem-Report,-12,HIGH
the jewish press,http://www.jewishpress.com/,9,HIGH
the jordan times,http://www.jordantimes.com/,-4,HIGH
the journal news,http://www.lohud.com/,-12,HIGH
the knife,http://theknifemedia.com/,1,HIGH
the libertarian republic,http://thelibertarianrepublic.com/,14,HIGH
the lily,https://www.thelily.com/,-18,HIGH
the local (norway),http://www.thelocal.no/,-12,HIGH
the manila times,http://www.manilatimes.net/news/,10,HIGH
the marshall project,https://www.themarshallproject.org/#.qjbbuljBK,-3,HIGH
the mary sue,https://www.themarysue.com,-21,HIGH
the meme policeman,http://memepoliceman.com/,2,HIGH
the middle east in london,http://www.soas.ac.uk/lmei/meil/,3,HIGH
the militant,http://www.themilitant.com/,-19,HIGH
the millennial review,https://themilreview.com/,26,HIGH
the moderate voice,http://themoderatevoice.com/,-3,HIGH
the monthly (australia),https://www.themonthly.com.au/,-11,HIGH
the morning call,http://www.mcall.com,-3,HIGH
the morning star,http://www.morningstaronline.co.uk/,-22,HIGH
the nation institute,http://www.nationinstitute.org/,-14,HIGH
the nation pakistan,http://nation.com.pk/,13,HIGH
the nation,https://www.thenation.com/,-21,HIGH
the national (uae),http://www.thenational.ae/,9,HIGH
the national memo,http://www.nationalmemo.com/,-22,HIGH
the nevada independent,https://thenevadaindependent.com,-13,HIGH
the new arab,https://www.alaraby.co.uk/english,-14,HIGH
the new atlantis,http://www.thenewatlantis.com/,9,HIGH
the new tropic,https://thenewtropic.com,-14,HIGH
the news (mexico city),http://www.thenews.mx/,-3,HIGH
the news international,https://www.thenews.com.pk/,-4,HIGH
the news lens,https://international.thenewslens.com/,7,HIGH
the news literacy project,http://www.thenewsliteracyproject.org/,-1,HIGH
the news tribune,http://www.thenewstribune.com/,-10,HIGH
the news-times (danbury),https://www.newstimes.com/,-10,HIGH
the next web,https://thenextweb.com,-9,HIGH
the objective standard,https://www.theobjectivestandard.com,15,HIGH
the observatory,https://observatory.journalism.wisc.edu/,-3,HIGH
the observer (uk),https://www.theguardian.com/observer,-13,HIGH
the oklahoman,http://www.oklahoman.com/live,11,HIGH
the olympian,http://www.theolympian.com,-11,HIGH
the oslo times,http://www.theoslotimes.com/,-12,HIGH
the outline,https://theoutline.com/,-19,HIGH
the outlook (monmouth university),http://outlook.monmouth.edu/,-4,HIGH
the pantagraph,http://www.pantagraph.com/,-3,HIGH
the patriot-news,http://www.pennlive.com/,-7,HIGH
the phnom penh post,http://www.phnompenhpost.com/,-2,HIGH
the plain dealer,http://www.cleveland.com/plaindealer/,-12,HIGH
the post and courier,http://www.postandcourier.com/,2,HIGH
the post millennial,https://www.thepostmillennial.com,23,HIGH
the post star,http://poststar.com,1,HIGH
the press democrat,http://www.pressdemocrat.com,-9,HIGH
the press-enterprise,http://www.pe.com/,11,HIGH
the progressive,http://www.progressive.org/,-23,HIGH
the providence journal,http://www.providencejournal.com/,-12,HIGH
the pulse,http://pulsegulfcoast.com/,-15,HIGH
the reality-based community,http://www.samefacts.com/,-21,HIGH
the record (new jersey),http://www.northjersey.com/,-10,HIGH
the ringer,https://www.theringer.com,-12,HIGH
the root,http://www.theroot.com/,-22,HIGH
the santa fe new mexican,http://www.santafenewmexican.com,-8,HIGH
the saturday paper,https://www.thesaturdaypaper.com.au/,-14,HIGH
the scotsman,http://www.scotsman.com,-3,HIGH
the sentinel (pennsylvania),http://cumberlink.com,-3,HIGH
the skimm,http://www.theskimm.com/,-4,HIGH
the smoking gun,http://www.thesmokinggun.com/,7,HIGH
the sociable,https://sociable.co/,-3,HIGH
the source newspaper (la source),http://thelasource.com/en/,-24,HIGH
the southern illinoisan,http://thesouthern.com,2,HIGH
the spectator (uk),http://www.spectator.co.uk/,17,HIGH
the spokesman-review,http://www.spokesman.com/,6,HIGH
the star democrat,http://www.stardem.com,-4,HIGH
the state,http://www.thestate.com/,-12,HIGH
the straits times,http://www.straitstimes.com/global,10,HIGH
the stranger,http://www.thestranger.com/,-17,HIGH
the strategy bridge,https://thestrategybridge.org,2,HIGH
the sun magazine,http://thesunmagazine.org/,-15,HIGH
the swedish wire,http://www.swedishwire.com/,-4,HIGH
the sydney morning herald,http://www.smh.com.au/,-13,HIGH
the tab,https://thetab.com/,-12,HIGH
the tennessean,http://www.tennessean.com/,11,HIGH
the tennessee star,http://tennesseestar.com/,27,HIGH
the texas observer,https://www.texasobserver.org,-20,HIGH
the times (illinois),http://www.mywebtimes.com,0,HIGH
the times and democrat,http://thetandd.com,-5,HIGH
the times herald (port huron),https://www.thetimesherald.com,9,HIGH
the times of london,http://www.thetimes.co.uk/,11,HIGH
the times-picayune,http://www.nola.com/#/0,-14,HIGH
the trace,https://www.thetrace.org,-11,HIGH
the truth about guns,http://www.thetruthaboutguns.com/,22,HIGH
the truthsetter,https://truthsetter.com,1,HIGH
the tyee,https://thetyee.ca/,-15,HIGH
the varsity,https://thevarsity.ca/,-9,HIGH
the verge,http://www.theverge.com/,-13,HIGH
the village voice,http://www.villagevoice.com/,-19,HIGH
the virginian-pilot,http://pilotonline.com/,-7,HIGH
the walrus,https://thewalrus.ca/,-22,HIGH
the waterloo-cedar falls courier,http://wcfcourier.com,-3,HIGH
the week,http://theweek.com/,-13,HIGH
the west australian,https://thewest.com.au/,12,HIGH
the whim,http://www.thewhim.com/,-2,HIGH
the wilderness society,http://wilderness.org/,-11,HIGH
the wire – india,https://thewire.in/,-8,HIGH
the world can’t wait,https://worldcantwait.net/,-24,HIGH
the young turks,https://tytnetwork.com/,-22,HIGH
the zero hour,http://www.thisisthezerohour.com/,-15,HIGH
thegrio,http://thegrio.com/,-21,HIGH
theimproper magazine,https://www.theimproper.com,-25,HIGH
thejournal.ie,http://www.thejournal.ie/,-4,HIGH
third way,http://www.thirdway.org/,-4,HIGH
this magazine,https://this.org/,-22,HIGH
thomson reuters foundation,http://news.trust.org/,-8,HIGH
thoughtco,https://www.thoughtco.com,-1,VERY HIGH
time magazine,http://time.com/,-17,HIGH
timeline,https://timeline.com,-7,HIGH
times news (pennsylvania),https://www.tnonline.com,7,HIGH
times of india,http://timesofindia.indiatimes.com/,-2,HIGH
times of israel,http://www.timesofisrael.com/,-10,HIGH
times of san diego,http://timesofsandiego.com/,-4,HIGH
times-colonist,http://www.timescolonist.com/,-13,HIGH
times-news (idaho),http://magicvalley.com/,-3,HIGH
to inform is to influence,https://toinformistoinfluence.com/,-12,HIGH
today i found out,http://www.todayifoundout.com/,-1,HIGH
toledo blade,http://www.toledoblade.com/,6,HIGH
tomdispatch.com,http://www.tomdispatch.com/,-13,HIGH
topeka capital-journal,http://www.cjonline.com/,7,HIGH
toronto star,https://www.thestar.com/,-17,HIGH
toronto sun,http://www.torontosun.com/,22,HIGH
transparency international,https://www.transparency.org/,-1,VERY HIGH
transpartisan review,http://www.transpartisanreview.com/,-3,HIGH
tribune magazine uk,http://www.tribunemagazine.org/,-22,HIGH
tribune news service,https://tribunecontentagency.com/tribune-news-service/,-3,HIGH
true viral news,http://trueviralnews.com/,1,HIGH
truth against the machine,https://truthagainstthemachine.com,-27,HIGH
truth be told,http://truthbetold.news/,-3,HIGH
truthdig,http://www.truthdig.com/,-23,HIGH
truthorfiction.com,https://www.truthorfiction.com/,-1,VERY HIGH
tulsa world,http://www.tulsaworld.com/,11,HIGH
turkey and facts (dogruluk payi),https://turkeyandfacts.com/,-1,VERY HIGH
tvw washington state,http://www.tvw.org/,-1,HIGH
undark,https://undark.org,-3,HIGH
unicorn riot,http://www.unicornriot.ninja/,-16,HIGH
united federation of teachers (uft),http://www.uft.org/,-13,HIGH
united press international (upi),http://www.upi.com/,3,HIGH
united states house of representatives (house.gov),https://www.house.gov/,-1,VERY HIGH
university business,https://www.universitybusiness.com/,-8,HIGH
uproxx,http://uproxx.com/,-19,HIGH
upworthy,https://www.upworthy.com/,-18,HIGH
urban institute,http://www.urban.org/,-14,HIGH
us government accountability office (gao),https://www.gao.gov,-1,HIGH
us news world report,http://www.usnews.com/,-8,HIGH
usa facts,http://www.usafacts.org/,-1,VERY HIGH
usa spending,https://www.usaspending.gov/,-1,VERY HIGH
usa today,http://www.usatoday.com/,-9,HIGH
utah public radio (upr),http://upr.org,-7,HIGH
utah standard-examiner,http://www.standard.net/,1,HIGH
valuewalk,http://www.valuewalk.com/,11,HIGH
vancouver sun,http://vancouversun.com/,-11,HIGH
vanity fair,http://www.vanityfair.com/,-21,HIGH
vera files,http://verafiles.org,-3,VERY HIGH
verified politics,http://verifiedpolitics.com,-26,HIGH
verrit,https://verrit.com,-22,HIGH
vocativ,http://www.vocativ.com/,-4,HIGH
voice of america,http://www.voanews.com/,-3,HIGH
voice of san diego,http://www.voiceofsandiego.org/,-5,HIGH
vos iz neias,https://www.vosizneias.com,-3,HIGH
vote smart,http://votesmart.org/,-1,HIGH
votevets.org,http://www.votevets.org/,-13,HIGH
vox,http://www.vox.com/,-23,HIGH
vulture,http://www.vulture.com,-14,HIGH
wall street journal,http://www.wsj.com/,11,HIGH
wall street on parade,http://wallstreetonparade.com/,-15,HIGH
war on the rocks,http://warontherocks.com/,-5,HIGH
washington babylon,http://washingtonbabylon.com,15,HIGH
washington blade,http://www.washingtonblade.com/,-15,HIGH
washington examiner,http://www.washingtonexaminer.com/,21,HIGH
washington journal (not c-span),http://washingtonjournal.com/,-27,HIGH
washington journal,https://www.c-span.org/WJ,-3,HIGH
washington monthly,http://washingtonmonthly.com/,-18,HIGH
washington post,https://www.washingtonpost.com/,-15,HIGH
washington times,http://www.washingtontimes.com/,17,HIGH
waterbury republican-american,http://www.rep-am.com/,12,HIGH
we are the mighty,http://www.wearethemighty.com/,3,HIGH
wear your voice,https://wearyourvoicemag.com,-22,HIGH
weekly standard,http://www.weeklystandard.com/,23,HIGH
westmonster,http://www.westmonster.com/,12,HIGH
wgn news,http://wgntv.com/,-8,HIGH
what matters news,http://whatmattersnews.com/,-26,HIGH
wichita eagle,http://www.kansas.com/,6,HIGH
wikinews,https://en.wikinews.org/wiki/Main_Page,-2,HIGH
wikipedia,https://www.wikipedia.org/,-1,HIGH
wikitribune,https://www.wikitribune.com,-2,HIGH
williamsport sun-gazette,http://www.sungazette.com/,10,HIGH
windsor star,http://windsorstar.com/,-11,HIGH
wings over scotland,https://wingsoverscotland.com,-16,HIGH
winona daily news,http://www.winonadailynews.com,-3,HIGH
winston-salem journal,http://www.journalnow.com/,10,HIGH
wired magazine,https://www.wired.com/,-13,HIGH
wisconsin state journal,http://host.madison.com/wsj/,-2,HIGH
wnyc,http://www.wnyc.org/,-11,HIGH
woodrow wilson international center for scholars,https://www.wilsoncenter.org/,-3,VERY HIGH
world affairs journal,http://www.worldaffairsjournal.org/,-8,HIGH
world economic forum,https://www.weforum.org/,-4,HIGH
world news,http://wn.com/,1,HIGH
world policy institute,http://www.worldpolicy.org/,-14,HIGH
world politics review,http://www.worldpoliticsreview.com/,5,HIGH
world press review,http://worldpress.org/,-2,VERY HIGH
world resources institute (wri),http://www.wri.org/,-3,VERY HIGH
world socialist web site,http://www.wsws.org/,-24,HIGH
world tribune,http://worldtribune.com/,22,HIGH
worldcrunch,https://www.worldcrunch.com/,-11,HIGH
wral,http://www.wral.com/,-3,HIGH
yellowhammer news,http://yellowhammernews.com/,20,HIGH
yes magazine,http://www.yesmagazine.org/,-22,HIGH
ynetnews,http://www.ynetnews.com/,-14,HIGH
york daily record,http://www.ydr.com/,-7,HIGH
young america’s foundation (yaf),https://www.yaf.org,23,HIGH
youth radio,https://youthradio.org/,-10,HIGH
z magazine,https://zcomm.org/zmag/,-22,HIGH
zdf (zweites deutsches fernsehen),https://www.zdf.de/,-5,HIGH
